"text","created","url","latitude","longitude","retweets","hashtag"
"@jaketapper 50% attacking Franken's accuser, Really? Come on, man, you know that's horsehockey. Don't make me agree<e2><80><a6> https://t.co/bLe0z5muXO",2017-11-17 21:01:42,"https://twitter.com/gigawright/status/931628435394519041",NA,NA,0,"#fakenews"
"@JimmyCarterfans @BrentPayne59 @chiligal47 @6549lmartin @klmunoz54 @be4_bama @ckolacia #FakeNews #smears #Lies 
Pay<e2><80><a6> https://t.co/WLGptwpxkd",2017-11-17 21:01:23,"https://twitter.com/peanut_brigade/status/931628354364739585",NA,NA,0,"#fakenews"
"@drawandstrike @ThomasWictor I treat Twitter trends as #FakeNews &amp; ignore them accordingly.",2017-11-17 21:01:07,"https://twitter.com/MontriOC/status/931628287759081472",NA,NA,0,"#fakenews"
"Stephen Colbert Covers Harassment on Both Right and Left with Franken and Roy Moore https://t.co/uwQI1ziDmy #News<e2><80><a6> https://t.co/tgIfM1mgTJ",2017-11-17 21:00:54,"https://twitter.com/teespringstores/status/931628235003170823",NA,NA,0,"#fakenews"
"@thehill = just muckraking today... &amp; = #FakeNews #DamnDishonestMSM  #SeditiousMSM---#MAGA Daily #Trump2020in2020 https://t.co/hfLjCEj6i9",2017-11-17 21:00:43,"https://twitter.com/RocketIsSix/status/931628188706406400",NA,NA,0,"#fakenews"
"What point will Americans step up and demand accountability from the #FakeNews conglomerates who brainwash t/masses https://t.co/hF0QPv3U55",2017-11-17 21:00:36,"https://twitter.com/MarkByers17/status/931628160097112065",NA,NA,0,"#fakenews"
"After every attack tweet there is a Democrat obstructionist tweet or a #FakeNews tweet. Its a strategy that is pred<e2><80><a6> https://t.co/97lLlAoUTY",2017-11-17 21:00:28,"https://twitter.com/3rdGraderTrump/status/931628123107594240",NA,NA,1,"#fakenews"
"@yassshuntieee I can't even believe what I just read!! #FakeNews",2017-11-17 21:00:14,"https://twitter.com/DLM16_/status/931628067868545024",NA,NA,0,"#fakenews"
"@CNNPolitics Hypocrisy much? Whats new from the @GOP @SenFranken owned it, apologized, and called for an ethics inv<e2><80><a6> https://t.co/s32HtaZg0D",2017-11-17 21:00:13,"https://twitter.com/PaulRaheb/status/931628060536741888",NA,NA,0,"#fakenews"
"Breaking or Faking? Do you trust what the media tells you? Take this poll!
#News #Media #FakeNews<e2><80><a6> https://t.co/wQBHKCCDMB",2017-11-17 20:59:59,"https://twitter.com/icitizen/status/931628001707675650",NA,NA,0,"#fakenews"
"Not only do we have #FakeNews in #Utica, we have fake cops in #CNY

https://t.co/2e2MXBjkhE https://t.co/UmBZssFHS0",2017-11-17 20:59:42,"https://twitter.com/DJDaveWheeler/status/931627932468072449",NA,NA,0,"#fakenews"
"@gabriellahope_ WaPo is a liberal rag-they wouldn't know fact checking if they took a freekn class! This says to me<e2><80><a6> https://t.co/OjiZnSXUi5",2017-11-17 20:59:41,"https://twitter.com/TKPoe13/status/931627929297137665",NA,NA,0,"#fakenews"
"Sounds Good @FoxNews Doesn't Need Any More #FakeNews Ppl working 4 them Send @ShepNewsTeam 2Another company who con<e2><80><a6> https://t.co/WtsPY7dgji",2017-11-17 20:59:31,"https://twitter.com/Pswise1/status/931627887601516544",NA,NA,0,"#fakenews"
"@ImProccyy This is NOT #FakeNews",2017-11-17 20:57:57,"https://twitter.com/HeatherHardyBox/status/931627492422639617",NA,NA,0,"#fakenews"
"@SugarShain1 and that is 100% a lie or #fakenews",2017-11-17 20:57:35,"https://twitter.com/AFastlife/status/931627400919523328",NA,NA,0,"#fakenews"
"No it is not. It's all #FAKENEWS and you know it. U R pathetic, sad liberal #CRYBABY!!  !!@@! https://t.co/eMLD4iu6BN",2017-11-17 20:57:30,"https://twitter.com/turk5555/status/931627379172163585",NA,NA,0,"#fakenews"
"@WashTimes @ckchumley Bow? Only Kneel To God! Accused Willing To Be Charged Let's See The Evidence (Forged Yearbook<e2><80><a6> https://t.co/mqDOP4voOd",2017-11-17 20:56:52,"https://twitter.com/isavega2017/status/931627217230188544",NA,NA,0,"#fakenews"
"Covefe grade of #Fakenews <ed><a0><bd><ed><b8><82><ed><a0><bd><ed><b8><82><ed><a0><bd><ed><b8><82> https://t.co/0nyAXwcTK0",2017-11-17 20:56:42,"https://twitter.com/radiosbb1/status/931627175161335808",NA,NA,0,"#fakenews"
"@wonderfullone @thedailybeast I will not click on anything with her face on it. #FakeNews",2017-11-17 20:56:18,"https://twitter.com/LilacsxGirl/status/931627076767100929",NA,NA,0,"#fakenews"
"Take this down! It doesn't fit the MLS &amp; PSV narrative! #FakeNews #LOL #SaveTheCrew https://t.co/WtxFKsWtYr",2017-11-17 20:56:04,"https://twitter.com/JMolnar13/status/931627019221204997",NA,NA,0,"#fakenews"
"@Trickyjabs The assets are reserves held for projects that are being funded long term, and the operating costs are<e2><80><a6> https://t.co/wVDOiaI1Kt",2017-11-17 20:56:01,"https://twitter.com/GeoffDunning/status/931627006151847941",NA,NA,0,"#fakenews"
"Why we call them #FakeNews #LiarsPress https://t.co/FTgJGD5gLu",2017-11-17 20:55:51,"https://twitter.com/BonChevalier/status/931626964837732352",NA,NA,0,"#fakenews"
"@Trembs14 @TheAdamShipway @cidbradette @Berger_BYTES @JamieDallaire I seen this and thought it was so dumb that i d<e2><80><a6> https://t.co/Spk9vrutvy",2017-11-17 20:55:48,"https://twitter.com/coreyt30/status/931626952493903872",NA,NA,0,"#fakenews"
"Kid Wears #FakeNews Network Shirt To @CNN Headquarters, Becomes American Hero https://t.co/6WRoWifblK via @dailycaller",2017-11-17 20:55:38,"https://twitter.com/LibertysArmyJr/status/931626907883380736",NA,NA,0,"#fakenews"
"@AmyMek F'KEM FEEDEM HOG HEAD CHEESE CHITTLINS PIG FEET  MEATS MEAT EVEN MUSLIMS GOT EAT BUT SAVE THEM CRACKINS FOR<e2><80><a6> https://t.co/a2bD7yiGAT",2017-11-17 20:55:27,"https://twitter.com/America04404421/status/931626863176437760",NA,NA,0,"#fakenews"
"@BrittMcHenry @realDonaldTrump DO SOME RESEARCH!!!! Invite just came last week. Team has 3 games this week. Very di<e2><80><a6> https://t.co/3xILL5xWt6",2017-11-17 20:55:26,"https://twitter.com/greeneyed_cuban/status/931626857237221378",NA,NA,0,"#fakenews"
"Aye, @FoxNews: tell your people in production that your boy isn<e2><80><99>t in Montgomery. That skyline is Birmingham. I shou<e2><80><a6> https://t.co/jYdO4qseiB",2017-11-17 20:55:15,"https://twitter.com/saltyham83/status/931626813020868608",NA,NA,0,"#fakenews"
"Tech Leaders Dismayed by Weaponization of Social Media #tech #digital #futurology #social #fakenews - @IEEESpectrum<e2><80><a6> https://t.co/cjUVJE6b57",2017-11-17 20:55:12,"https://twitter.com/fiscitech/status/931626798353408004",NA,NA,0,"#fakenews"
"#FakeNews CNN Female Panel Brushes Aside Serial Sex Abuser Franken: <e2><80><98>He Was Just a Comedian<e2><80><99> https://t.co/in3g9sAQ2C via @weaselzippers",2017-11-17 20:54:48,"https://twitter.com/mathewsjw/status/931626700730859520",NA,NA,0,"#fakenews"
"So much #fakenews out there. Stay alert! https://t.co/jWOzjhZwtt",2017-11-17 20:54:48,"https://twitter.com/blabbercrumb/status/931626698705010688",NA,NA,0,"#fakenews"
"@Kaladious @scantec666 @donnia8789 @jeep_sifu @Kimberlee373 @diceroll777 @saiberspace1 @Saphina @Hope4Hopeless1<e2><80><a6> https://t.co/n6w7zU6woa",2017-11-17 20:54:21,"https://twitter.com/Abl3Archer/status/931626585958035457",NA,NA,0,"#fakenews"
"#FakeNews Twitter promo... https://t.co/EQ8cy0mf4t",2017-11-17 20:54:07,"https://twitter.com/nataliejharp/status/931626526008754177",NA,NA,0,"#fakenews"
"Ask Rachel Maddow advertisers why they support #FakeNews @maddow

@abc @cbs @nbc @cnn @msnbc @pbs @NYTimes<e2><80><a6> https://t.co/TBoXpNyoKW",2017-11-17 20:54:04,"https://twitter.com/petefrt/status/931626515632152577",NA,NA,2,"#fakenews"
"@SethAbramson Its not. It<e2><80><99>s #FakeNews",2017-11-17 20:53:57,"https://twitter.com/hamletm40/status/931626486154412032",NA,NA,0,"#fakenews"
"@seanhannity @mmfa That's because Senator Franken's assaults are too far left. #FakeNews",2017-11-17 20:53:43,"https://twitter.com/FactsNoHypeGirl/status/931626425052024832",NA,NA,0,"#fakenews"
"@fmanjoo . So in other words more projection from #Trump as it seems his people are responsible for #FakeNews.",2017-11-17 20:53:39,"https://twitter.com/mariel9898/status/931626407939182593",NA,NA,0,"#fakenews"
"@trump2016fan9 @pnehlen @SpeakerRyan @HouseGOP @GOP The 'slush fund' is now #FakeNews. !!!!",2017-11-17 20:53:21,"https://twitter.com/joshashland1/status/931626333532286976",NA,NA,0,"#fakenews"
"@ProudResister DAMN #FakeNews making him spend all this Russian Campainge money on something that's not even real. <ed><a0><bd><ed><b8><89> <ed><a0><bd><ed><b8><b5>",2017-11-17 20:53:02,"https://twitter.com/yesimpeachnow/status/931626254805041153",NA,NA,0,"#fakenews"
"@cnni And I personally know for a fact that your Amanpour was in Sana'a right before the protests started trying to<e2><80><a6> https://t.co/pDG2uy5GaC",2017-11-17 20:53:00,"https://twitter.com/ParaWanderer/status/931626245841879042",NA,NA,0,"#fakenews"
"@Independent I don't see any lead up or anyone getting punched in the face. Your headline is pure guesswork. #fakenews",2017-11-17 20:52:55,"https://twitter.com/xtvor/status/931626224308359170",NA,NA,0,"#fakenews"
"@Independent The Sun was #FakeNews before #FakeNews was even a thing",2017-11-17 20:52:53,"https://twitter.com/clive_wolverton/status/931626215055724545",NA,NA,0,"#fakenews"
"@DonaldJTrumpJr @BeachDreamin291 #Fakenews Rules: A criminal or o/w objectionable act is ALWAYS ""alleged"" if perpet<e2><80><a6> https://t.co/eg4afjmaWH",2017-11-17 20:52:48,"https://twitter.com/TwittaChicca/status/931626197578117120",NA,NA,0,"#fakenews"
"https://t.co/YdWwsiJWT8 @BBC 

Headline should read <e2><80><9c>Driver w/an OUTSTANDING FELONY WARRANT is arrested.<e2><80><9d> 

Fact sh<e2><80><a6> https://t.co/buTVxXvNmB",2017-11-17 20:52:44,"https://twitter.com/KidBrightwillow/status/931626179672641539",NA,NA,0,"#fakenews"
"@TomLlamasABC @DanielStrauss4 Any update on @alfranken, asshat? Maybe a correction to your claim that rape victim J<e2><80><a6> https://t.co/MgQLuNQbWG",2017-11-17 20:52:30,"https://twitter.com/stephmarty6/status/931626118288994304",NA,NA,0,"#fakenews"
"#FakeNews Gloria Allred and DNC paid 13 women to accuse Trump. Didn't you notice that each and every one of them wi<e2><80><a6> https://t.co/WUDT8sxPYg",2017-11-17 20:52:28,"https://twitter.com/nanluvsmatt/status/931626112366645254",NA,NA,0,"#fakenews"
"#FakeNews OMG! President Trump took 2 sips of water! Poor ignorant people pretending to be journalist!",2017-11-17 20:52:28,"https://twitter.com/LooloosHideOut/status/931626109912961025",NA,NA,0,"#fakenews"
"@FoxNews #FoxNews you're better than this. Valid reason why USC turned tgis down....don't become like #CNN and their #FakeNews",2017-11-17 20:52:24,"https://twitter.com/greeneyed_cuban/status/931626093911728128",NA,NA,0,"#fakenews"
"Dekalb School Nixes Boy<e2><80><99>s #FakeNews FNN T-Shirt On Field Trip To CNN HQ https://t.co/Z5HS5Ejduk via @weaselzippers",2017-11-17 20:52:04,"https://twitter.com/mathewsjw/status/931626011782873088",NA,NA,1,"#fakenews"
"The look when you realize your pathetic television career is coming to an end. #FakeNews https://t.co/cRzQuQZcM3",2017-11-17 20:51:55,"https://twitter.com/mattcolvin50/status/931625975011569665",NA,NA,0,"#fakenews"
"@AzTrump2020 @CassandraRules #Fakenews like @CassandraRules don<e2><80><99>t have a clue about how animal preserves in Africa<e2><80><a6> https://t.co/dERoogwgbH",2017-11-17 20:51:44,"https://twitter.com/Donkermeester/status/931625926240038912",NA,NA,0,"#fakenews"
"@LeleKennett Lol wtf no #fakenews",2017-11-17 20:51:36,"https://twitter.com/OmarKenji/status/931625892496863232",NA,NA,0,"#fakenews"
"hahaha, too much Kool-Aid... or is the  #FakeNews @CNN policy to be stupid? https://t.co/d6t3PpojoG",2017-11-17 20:51:12,"https://twitter.com/aviv1818/status/931625794950107142",NA,NA,0,"#fakenews"
"@markberman You comparing a Trump joking to admitted Sexual Predator Al Franken's documented assaults?   Shame on y<e2><80><a6> https://t.co/hFK1oF2KzH",2017-11-17 20:51:11,"https://twitter.com/PROUDESTMURICAN/status/931625788113272832",NA,NA,0,"#fakenews"
"@TrumpATeam1 @BMeiselas @FoxNews Pfft. Dorks say #FakeNews 

Also it was a Fox News graphic.",2017-11-17 20:51:02,"https://twitter.com/manhattanDAD/status/931625751430000640",NA,NA,0,"#fakenews"
"#FridayFeeling
#LookUp
Noticing TOXIC
#ClimateEngineering
#OpChemtrails 
Over #WhidbeyIsland 
My heart goes out to<e2><80><a6> https://t.co/WFlOLSXgcJ",2017-11-17 20:50:54,"https://twitter.com/Surfhempster/status/931625719318249472",NA,NA,0,"#fakenews"
"Comedy Now: DeRay Davis Teaches Netflix <e2><80><98>How To Act Black<e2><80><99> And Hari Kondabolu Tackles <e2><80><98>The Simpsons<e2><80><99><e2><80><a6> https://t.co/j7zT7PaZus",2017-11-17 20:50:41,"https://twitter.com/teespringstores/status/931625663680958466",NA,NA,0,"#fakenews"
"@AshleyBohinc @DougFields What!?! Has to be #FakeNews",2017-11-17 20:50:19,"https://twitter.com/tapounder/status/931625568877105153",NA,NA,0,"#fakenews"
"@robprather @ryano3232_ryan @KirstenPowers another MORON!! ""they let you do it when you're a star' IS NOT SEXUAL AS<e2><80><a6> https://t.co/64ZODEEtfD",2017-11-17 20:50:12,"https://twitter.com/BaggaBrigade/status/931625540028641285",NA,NA,0,"#fakenews"
"UK Column News - 17th Nov 2016 with David Scott https://t.co/KeOz7gyAyQ #fakenews #docherties #docherty #child #abuse",2017-11-17 20:49:39,"https://twitter.com/Col_Connaughton/status/931625401759272960",NA,NA,0,"#fakenews"
"Blake Shelton voted Sexiest Man Alive?? #FakeNews",2017-11-17 20:49:25,"https://twitter.com/SouthTxGal/status/931625343332618241",NA,NA,0,"#fakenews"
"Facebook has launched ""trust indicators"" to combat #fakenews. Will it work? https://t.co/yx1nJbLaLW https://t.co/5kBAu1o6AP",2017-11-17 20:49:16,"https://twitter.com/happier_better/status/931625306514952198",NA,NA,0,"#fakenews"
"@SimonChapman6 That is staggering! #fakenews",2017-11-17 20:49:12,"https://twitter.com/healthkaty/status/931625291344240641",NA,NA,0,"#fakenews"
"@mommie_brain @MattBear12 @RWYJR @KirstenPowers YOU LIAR!!!!  HE NEVER GROPED ANYONE!!!! WHO DIDNT WANT HIM TOO!!!!<e2><80><a6> https://t.co/kfES9JDqW6",2017-11-17 20:49:05,"https://twitter.com/BaggaBrigade/status/931625261002645504",NA,NA,0,"#fakenews"
"@NPR @wadegoodwyn end/ On #fakenews: ""The decision on whether news is fake or not will play out as it goes - there<e2><80><a6> https://t.co/7rEKhxWjTg",2017-11-17 20:48:57,"https://twitter.com/msimons/status/931625228664557573",NA,NA,0,"#fakenews"
"@PceThruStrength @Imperator_Rex3 @Unseat_The_Dems Who is this guy? Just another hired hack sent to kill the truth.<e2><80><a6> https://t.co/xAQAnFCcu1",2017-11-17 20:48:54,"https://twitter.com/dankwinter/status/931625216127594496",NA,NA,1,"#fakenews"
"@brontyman LMAO - sounds like #fakenews to me.",2017-11-17 20:48:36,"https://twitter.com/goodreadstruth/status/931625138344415232",NA,NA,0,"#fakenews"
"@SymoneDSanders nothing more than flapping lips, lacking intelligence, making no sense. 

#cnn #fakenews",2017-11-17 20:48:34,"https://twitter.com/GeorgeB27252718/status/931625132107411457",NA,NA,0,"#fakenews"
"Not that I approve of @realDonaldTrump #elephanttrophies issue but it's insane to know it's still more of a story t<e2><80><a6> https://t.co/T3LiDKxYgg",2017-11-17 20:48:21,"https://twitter.com/TheGzusMan/status/931625075664654336",NA,NA,0,"#fakenews"
"@EdKrassen Ed you're making this up! It's gotta be #Fakenews <ed><a0><bd><ed><b8><82><ed><a0><bd><ed><b8><82><ed><a0><bd><ed><b8><82><ed><a0><bd><ed><b8><82><ed><a0><bd><ed><b8><82><ed><a0><bd><ed><b8><82>",2017-11-17 20:48:12,"https://twitter.com/Kenshiro73/status/931625039904067590",NA,NA,0,"#fakenews"
"@IMAO_ That depends on if the #fakenews #MSM remains as the propaganda machine for the left and #Wethepeople allow<e2><80><a6> https://t.co/0CaxJJPZ05",2017-11-17 20:47:31,"https://twitter.com/DavidActon3/status/931624864502476800",NA,NA,0,"#fakenews"
"@Indigo1_ @HarryO1975 @AlwaysActions You're believing one to be a racist who is responsible for freeing 3 black pla<e2><80><a6> https://t.co/sDmw1UIXar",2017-11-17 20:46:51,"https://twitter.com/eagleobserver/status/931624698282160129",NA,NA,0,"#fakenews"
"Oh Jake.. You hate @potus so much. No longer a journalist.
#msm
#FakeNews 
@jaketapper https://t.co/LOYga13Lh8",2017-11-17 20:46:43,"https://twitter.com/BooneChlt/status/931624665453420545",NA,NA,0,"#fakenews"
"@CeciliaVega Look u Stupid Fucking crybaby Hack, the allegations were litigated in the  2016 election. Keep trying<e2><80><a6> https://t.co/Gww0p2tKZP",2017-11-17 20:46:41,"https://twitter.com/joesmo0021/status/931624655936466945",NA,NA,0,"#fakenews"
"@LochlinCross I don't think that word means what you think it means. An unscientific poll that didn't get the resul<e2><80><a6> https://t.co/IR5FdgxZ8P",2017-11-17 20:46:40,"https://twitter.com/pbsamboryk/status/931624650253070336",NA,NA,1,"#fakenews"
"@canhowie @nationalpost Totally astounding crap journalism #FakeNews. U can't factualize it, speculation could only<e2><80><a6> https://t.co/4hceRflH5F",2017-11-17 20:46:36,"https://twitter.com/cedar_leda/status/931624634767699968",NA,NA,0,"#fakenews"
"@christopherhope Blue tick #fakenews @Twitter",2017-11-17 20:46:35,"https://twitter.com/blahmckblah/status/931624629768196096",NA,NA,0,"#fakenews"
"#Democrats' #FakeNews bites'em in their nether regions.

It is to laugh, #MAGA https://t.co/COX93DdBn2",2017-11-17 20:46:30,"https://twitter.com/actlightning/status/931624609224343553",NA,NA,0,"#fakenews"
"I find it ironic, being from #Israel, that the Media is claiming #FakeNews
when they have been repeating Palestinia<e2><80><a6> https://t.co/HiwpPr1hVN",2017-11-17 20:46:03,"https://twitter.com/zlando/status/931624495420383232",NA,NA,0,"#fakenews"
"Fake News 'Nearly Overwhelming,' EU Says as It Weighs Fightback https://t.co/QIKuYw7D9l #fakenews represents major<e2><80><a6> https://t.co/aGCZlEJgIP",2017-11-17 20:46:02,"https://twitter.com/thinkdisruptive/status/931624491192635393",NA,NA,0,"#fakenews"
"@MooreSenate They're upset because only @MSNBC and @CNN are allowed to make up #fakenews.  Not Gloria.  <ed><a0><bd><ed><b8><8e>",2017-11-17 20:45:49,"https://twitter.com/tennisgirl48/status/931624438394687488",NA,NA,0,"#fakenews"
"This is a misleading headline! #FakeNews I couldn<e2><80><99>t possibly <e2><80><9c>like<e2><80><9d> the Knicks...could i?... Listen and decide. https://t.co/XTYJzTwnG3",2017-11-17 20:45:42,"https://twitter.com/iJesseWilliams/status/931624410557005825",NA,NA,10,"#fakenews"
"@ARRESTPODESTA @RollingStone Meanwhile, look at all of the replies pointing out reasons why the @Rollingstone  arti<e2><80><a6> https://t.co/QGtlLOWGRF",2017-11-17 20:45:27,"https://twitter.com/Truth777True/status/931624346581213184",NA,NA,0,"#fakenews"
"@markberman The same #FakeNews org that conducted these polls!?  LMAO https://t.co/DH13u0WxrQ",2017-11-17 20:45:18,"https://twitter.com/PROUDESTMURICAN/status/931624306701766656",NA,NA,0,"#fakenews"
"@CNN why aren't you asking about the senator that actually sexually assaulted somebody there is actual evidence pic<e2><80><a6> https://t.co/4l9nKUvfoE",2017-11-17 20:45:15,"https://twitter.com/buffSoldier73/status/931624294718853120",NA,NA,0,"#fakenews"
"Facebook has launched ""trust indicators"" to combat #fakenews. Will it work? https://t.co/CFBNFsdsSj https://t.co/VC17me5yMY",2017-11-17 20:45:14,"https://twitter.com/lawdotcom/status/931624291359232001",NA,NA,2,"#fakenews"
"This is what @CNN #Bias #FakeNews calls ""APPLE"" !!! @realDonaldTrump #POTUS #CNN https://t.co/9hiMm7bd03",2017-11-17 20:45:09,"https://twitter.com/DanKoosh/status/931624272207921152",NA,NA,0,"#fakenews"
"4 stupid @realDonaldTrump-haters (@jamiegangel @BrookeBCNN @ZerlinaMaxwell @AzariLaw) &amp; 1 #NeverTrump idiot can't c<e2><80><a6> https://t.co/kHxll4J7dg",2017-11-17 20:44:58,"https://twitter.com/HighonHillcrest/status/931624224053063680",NA,NA,0,"#fakenews"
"@nibiruwatcher Fake news! #FakeNews  it<e2><80><99>s called a cub glare on your camera on your phone...... smh",2017-11-17 20:44:58,"https://twitter.com/LVDalton22/status/931624223059058688",NA,NA,0,"#fakenews"
"@RitaPanahi Maybe Mugabe wasn<e2><80><99>t that bad after all?  I wonder why he was taken out?  If they are doing this for ivo<e2><80><a6> https://t.co/ABlaRm3LFc",2017-11-17 20:44:06,"https://twitter.com/elmerealmer/status/931624005429112832",NA,NA,0,"#fakenews"
"#ivoryban PER LIVE WASHINGTON PRESS CONFERENCE - THE #ivory IMPORT BAN IS STILL IN PLACE....I REPEAT....STILL IN PL<e2><80><a6> https://t.co/1jR6hQui7h",2017-11-17 20:44:01,"https://twitter.com/Metalbaby2u/status/931623986701787144",NA,NA,0,"#fakenews"
"@IBTimesSG Fake news! #FakeNews",2017-11-17 20:43:51,"https://twitter.com/LVDalton22/status/931623945043767296",NA,NA,0,"#fakenews"
"@dcexaminer @emilyjashinsky You are lying about facts and are clearly #FakeNews dcexaminer!
The opposite is actuall<e2><80><a6> https://t.co/9fGWCY1hUh",2017-11-17 20:43:49,"https://twitter.com/iMaGiNeprints/status/931623934012817409",NA,NA,0,"#fakenews"
"@charliespiering @BreitbartNews #FakeNews. Not reported by Breitbart News",2017-11-17 20:43:20,"https://twitter.com/mgmeisch/status/931623812822654977",NA,NA,0,"#fakenews"
"@DylanByers @CNN #FakeNews getting harder and harder to sell<ed><a0><bd><ed><b8><82><ed><a0><bd><ed><b8><82>",2017-11-17 20:43:17,"https://twitter.com/Unichmorewine/status/931623800738861057",NA,NA,0,"#fakenews"
"@indiatvnews Fake news! #FakeNews",2017-11-17 20:43:15,"https://twitter.com/LVDalton22/status/931623790399832064",NA,NA,0,"#fakenews"
"@infowars This is the step son of the accuser!  A patriot!!! he called out the #FakeNews #CNN Thanks Daryl Nelson  https://t.co/h51NVyyw2m",2017-11-17 20:43:01,"https://twitter.com/ZedWhiteTweets/status/931623733894160385",NA,NA,0,"#fakenews"
"@guardiannews #fakenews from the #Apartheid #Israel backed 'newspaper'",2017-11-17 20:42:47,"https://twitter.com/Cov_Bhoy/status/931623674209292289",NA,NA,0,"#fakenews"
"@FoxNews LIVE WASHINGTON PRESS CONFERENCE - THE USA BAN ON IMPORTING #ELEPHANT #IVORY IS STILL IN PLACE!!!  THIS IS<e2><80><a6> https://t.co/wsk9dNf91c",2017-11-17 20:42:42,"https://twitter.com/Metalbaby2u/status/931623653023854592",NA,NA,0,"#fakenews"
"I didn't see the Trump pics...are there any? 
#fakenews
#libtards https://t.co/jFDFrIBwHW",2017-11-17 20:42:40,"https://twitter.com/BooneChlt/status/931623643846795265",NA,NA,0,"#fakenews"
"Soooo...the right cries #FakeNews then complain that the @washingtonpost is doing their due diligence? Interesting<e2><80><a6> https://t.co/4Jl4qNQ9py",2017-11-17 20:42:20,"https://twitter.com/DonaldJChump/status/931623563190157312",NA,NA,0,"#fakenews"
"@hotfunkytown been going on for over 40 years!!! #Liberals #LyingLiberals #Corruption #RINO #DrainTheSwamp<e2><80><a6> https://t.co/GuPUsvOmGu",2017-11-17 20:42:15,"https://twitter.com/BaggaBrigade/status/931623542503944199",NA,NA,0,"#fakenews"
"#VoteRoyMoore #Alabama

Show the #FakeNews &amp; Establishment that THEY DO NOT RUN YOUR STATE!!!",2017-11-17 20:41:27,"https://twitter.com/CaptbeauX/status/931623339797434373",NA,NA,0,"#fakenews"
"@jneeley78 .@jneeley78 IS SPREADING #FAKENEWS! #DIEHARDISTOOACHRISTMASMOVIE #ANDSOISLETHALWEAPON!",2017-11-17 20:41:22,"https://twitter.com/Joseph_La_Rue/status/931623318951641088",NA,NA,0,"#fakenews"
"@jaketapper @PressSec @alfranken @POTUS This is #FakeNews",2017-11-17 20:41:16,"https://twitter.com/ericgrant/status/931623294226354176",NA,NA,0,"#fakenews"
"Oh Gretchen....you hate @potus so much. Hardly a journalist at this point.
#msm
#FakeNews https://t.co/yA2bwUEt3Y",2017-11-17 20:41:13,"https://twitter.com/BooneChlt/status/931623278636134402",NA,NA,0,"#fakenews"
"Hillary Clinton Gave 20 Percent of United States' Uranium to Russia in Exchange for Clinton Foundation Donations?<e2><80><a6> https://t.co/PphyaHoe1d",2017-11-17 20:41:02,"https://twitter.com/finjerk/status/931623236529475584",NA,NA,0,"#fakenews"
"Not surprised. #FakeNews WaPo. https://t.co/UB6yMJA78Z",2017-11-17 20:40:53,"https://twitter.com/RealTalkPol/status/931623198164176896",NA,NA,0,"#fakenews"
"""This week<e2><80><99>s Q&amp;A Pahdcast includes a Northwestern ""writer"" who didn<e2><80><99>t go to Medill!""

sounds like #fakenews to me https://t.co/G9tdu8PBUH",2017-11-17 20:40:53,"https://twitter.com/RossWB/status/931623197459537925",NA,NA,0,"#fakenews"
"@6crip @Cogent_Lich @that_groyper @kekkitchen @Mcfagens @mombot @CheekiScrump No dumbass, he<e2><80><99>s admitted to grabbing<e2><80><a6> https://t.co/8uQweIkUuS",2017-11-17 20:40:42,"https://twitter.com/hmmmtastybrains/status/931623150785257472",NA,NA,0,"#fakenews"
"A Beloved Bartender Sends You Into The Weekend With The <e2><80><98>Mayan Bulldog<e2><80><99> https://t.co/IGGZSk9mfe #News #sport<e2><80><a6> https://t.co/KKovXggIVh",2017-11-17 20:40:23,"https://twitter.com/teespringstores/status/931623071227826176",NA,NA,0,"#fakenews"
"@FoxNews I would like to see his DD-214 please.
And exactly how does standing on the American flag HELP racism??? J<e2><80><a6> https://t.co/MLbO02sPJO",2017-11-17 20:40:18,"https://twitter.com/USMC_CPD296/status/931623048150622208",NA,NA,0,"#fakenews"
"Nice to see media orgs coming together to lead the fight against #fakenews. https://t.co/bUmrSaDZh2",2017-11-17 20:39:22,"https://twitter.com/jonathanfowlie/status/931622814519508992",NA,NA,0,"#fakenews"
"Flutter Trump! #trump #flutterinchief #potus #fakenews #fluttertrump https://t.co/mNPPpblIBa",2017-11-17 20:38:42,"https://twitter.com/hothotweezly/status/931622646772576258",NA,NA,1,"#fakenews"
"I abhor fabricated and unabashedly false/misleading news reports!  #FakeNews",2017-11-17 20:38:37,"https://twitter.com/HazeDAWG/status/931622626103046144",NA,NA,0,"#fakenews"
"@MosheLumkile @Boykie_ZA The one you went on to ask me ""are these lies"" before deflecting to some Basson #fakenews.<e2><80><a6> https://t.co/ESYaARkeUt",2017-11-17 20:38:22,"https://twitter.com/Clint_ZA/status/931622563670843392",NA,NA,0,"#fakenews"
"#FakeNews is plaguing American society. Only #MadamePresident can save us -- stay tuned for more. https://t.co/W2ZnJ2gYju",2017-11-17 20:38:20,"https://twitter.com/brianmrea/status/931622556091772928",NA,NA,0,"#fakenews"
"@FoxNews POLL = Northeastern snowflakes and California #FakeNews",2017-11-17 20:37:43,"https://twitter.com/Veni_Viti_Vici/status/931622397958082566",NA,NA,0,"#fakenews"
"Breaking News! WATCH! CNN #FakeNews Caught!  .@JackPosobiec CNN Caught in the Act Making Fake News About Roy Moore! https://t.co/Ovg9991NcU",2017-11-17 20:37:22,"https://twitter.com/TruthMatters13/status/931622309789687810",NA,NA,2,"#fakenews"
"@MSNBC The Russians are coming! The Russians are coming! #fakenews snowflake response to being triggered #Triggered",2017-11-17 20:36:45,"https://twitter.com/Veni_Viti_Vici/status/931622158547202048",NA,NA,0,"#fakenews"
"But they bash @MooreSenate who is a victim of an obvious political hit job since Allred will not allow so-called ev<e2><80><a6> https://t.co/1FHvdrz7xE",2017-11-17 20:36:42,"https://twitter.com/WvTrump/status/931622144668250112",NA,NA,0,"#fakenews"
"We need to remember the human behind algorithms when considering how they add to #fakenews.They are <e2><80><9c>instruments of<e2><80><a6> https://t.co/jmmHaEPKEx",2017-11-17 20:36:35,"https://twitter.com/CUBoulder_CMRC/status/931622115983417344",NA,NA,0,"#fakenews"
"@nprpolitics @MarkSKrikorian LOL- Judge Moore is not a senator of whom you show a picture, but Al Franken and Bob M<e2><80><a6> https://t.co/pZni9k2F69",2017-11-17 20:36:26,"https://twitter.com/antoinette2645/status/931622076913471488",NA,NA,0,"#fakenews"
"@PuyallupPD @PierceSheriff @SouthSound911 #FAKENEWS #MASONIC #EXPOSETHIS #ITSTIMETOACT #MASONS ARE KILLING US<e2><80><a6> https://t.co/QAOoLFAB9V",2017-11-17 20:36:24,"https://twitter.com/MellyStep/status/931622067887226880",NA,NA,1,"#fakenews"
"@Newsweek That was basically proven decades ago, you should probably catch up. #FakeNews",2017-11-17 20:36:22,"https://twitter.com/TeenForTrump/status/931622060111159298",NA,NA,0,"#fakenews"
"@PressSec has boatload of good news on tax reform, other issues. #FakeNews WH Press Corps(e) queries obsessed w/<e2><80><a6> https://t.co/42gOxTmPRL",2017-11-17 20:36:12,"https://twitter.com/bobdirects/status/931622019266961409",NA,NA,0,"#fakenews"
"Too good to be #fakenews.  Two hurt in accidental shooting at East Tenn. church during discussion on church shootin<e2><80><a6> https://t.co/xxzWulixXv",2017-11-17 20:36:06,"https://twitter.com/TreeHugs23/status/931621992771530752",NA,NA,0,"#fakenews"
"@AdamScheft_RTB @alexprice_2 These teams were not picked until after Sunday so this is #FakeNews",2017-11-17 20:35:42,"https://twitter.com/luke_ross93/status/931621892468899845",NA,NA,2,"#fakenews"
"Or -
The allegations were proven to be true by Franken...

@jaketapper 's attempted #FakeNews report is a success o<e2><80><a6> https://t.co/Tw6WSAkPlr",2017-11-17 20:35:30,"https://twitter.com/ghollovary/status/931621840501559296",NA,NA,0,"#fakenews"
"""It seems we are witnessing a new phenomenon in international relations, as now, apart from #fakenews, there is als<e2><80><a6> https://t.co/D4OeRxIcua",2017-11-17 20:35:18,"https://twitter.com/RusEmbMalta/status/931621789826011138",NA,NA,2,"#fakenews"
"@jaketapper @PressSec @alfranken @POTUS Or -
The allegations were proven to be true by Franken...

@jaketapper 's a<e2><80><a6> https://t.co/ZevAdRgbhP",2017-11-17 20:35:03,"https://twitter.com/ghollovary/status/931621727452516353",NA,NA,0,"#fakenews"
"@EdKrassen They're usually the ones in the room who shout and scream the loudest about how much they despise it...w<e2><80><a6> https://t.co/qOdtSsfnlv",2017-11-17 20:34:45,"https://twitter.com/LilBirdCreates/status/931621651363631104",NA,NA,3,"#fakenews"
"People wonder why the rest of the world has a bad opinion of America.  

It's because they only see the<e2><80><a6> https://t.co/YEMPWPpd1T",2017-11-17 20:34:37,"https://twitter.com/rsuppenbach/status/931621619264577537",NA,NA,0,"#fakenews"
"When he says #FakeNews... https://t.co/LprlVevHeg",2017-11-17 20:34:35,"https://twitter.com/LarryKness/status/931621613266767872",NA,NA,0,"#fakenews"
"@Sh4Zk @Tutsy22 @YarKafanchan @YemieFASH @princess_usana @zinadabo @BrandiGlanville @brainpicker @SecondDictator<e2><80><a6> https://t.co/1ngsQMytqt",2017-11-17 20:34:28,"https://twitter.com/EveryNigerian/status/931621582405062662",NA,NA,0,"#fakenews"
"@BrookeBCNN You only wish!  True patriots know you are #FAKENEWS @BrookeBCNN How do you sleep at night knowing ever<e2><80><a6> https://t.co/dCHWHWp6KV",2017-11-17 20:34:25,"https://twitter.com/canadiangirl49/status/931621571256569857",NA,NA,0,"#fakenews"
"@Joan21788838 @sherrie_hawes @realDonaldTrump Not true. Everything is recorded and shared with pool. He just doesn'<e2><80><a6> https://t.co/jljN5yNXTk",2017-11-17 20:34:14,"https://twitter.com/BlessThe_US/status/931621521436573696",NA,NA,0,"#fakenews"
"@SirScatters #fakenews i guess",2017-11-17 20:34:12,"https://twitter.com/JohnathanMulroo/status/931621513446416384",NA,NA,0,"#fakenews"
"Batman doesn<e2><80><99>t get rashes #FakeNews https://t.co/zB2PMrPAj7",2017-11-17 20:34:03,"https://twitter.com/boner_jorts/status/931621475118993409",NA,NA,0,"#fakenews"
"@DailyMirror #fakenews

Wind would have been strong enough to blow the tea cold.",2017-11-17 20:33:47,"https://twitter.com/TheSkankworks/status/931621410509815808",NA,NA,0,"#fakenews"
"@Rightwingmadman @realDonaldTrump This is a #LIE. Show us the proof. Actual GDP growth (adjusted for mass inflation<e2><80><a6> https://t.co/VaDqkdE4NL",2017-11-17 20:33:47,"https://twitter.com/Dave_in_PDX/status/931621409750528000",NA,NA,0,"#fakenews"
"@HardballChris You forgot ...  and ban all #fakenews",2017-11-17 20:33:36,"https://twitter.com/mikeachilles/status/931621362917101569",NA,NA,0,"#fakenews"
"CLUE for @CNN dunce @BrookeBCNN: Silence on ACCUSED ABUSER is completely different than silence on ADMITTED ABUSER.<e2><80><a6> https://t.co/a4btoiJvhy",2017-11-17 20:33:21,"https://twitter.com/HighonHillcrest/status/931621301373898752",NA,NA,0,"#fakenews"
"Why are the hosts not reading out tge tweets on Aidan? Probably CNN working on their #fakenews again?
#kclstrictly2017",2017-11-17 20:32:56,"https://twitter.com/Joe64Joe_/status/931621196420079616",NA,NA,0,"#fakenews"
"@realDonaldTrump 23 years experience, Masters degree in Homeland Security, essentially applying for the same job I<e2><80><99><e2><80><a6> https://t.co/0lTS5UBS2f",2017-11-17 20:32:46,"https://twitter.com/vivanate/status/931621155114450944",NA,NA,0,"#fakenews"
"#fakenews specialist @NOS https://t.co/rCyrjd2Cec",2017-11-17 20:32:36,"https://twitter.com/patricksavalle/status/931621111346888704",NA,NA,0,"#fakenews"
"@charliekirk11 Lmao I Think it was the Other way @senSherrodBrown Let @senorrinhatch Told the OLD SOB that He's SCR<e2><80><a6> https://t.co/meO9fF5lR3",2017-11-17 20:31:55,"https://twitter.com/wtfdoicare33/status/931620938189344768",NA,NA,0,"#fakenews"
"@jaketapper But I bet you didn't say such things about Al Franken, nor did you report that the mall manager never h<e2><80><a6> https://t.co/nPIquf5UCw",2017-11-17 20:31:34,"https://twitter.com/NoGuff1/status/931620852587573248",NA,NA,0,"#fakenews"
"@RT_com It's #FakeNews anyways <ed><a0><bd><ed><b8><82>",2017-11-17 20:31:21,"https://twitter.com/kooter4469/status/931620797579280384",NA,NA,0,"#fakenews"
"@nan349 @fidman_143 @EdJoyce @GretchenCarlson @funder #FakeNews in his audio he says they let you do it when your rich. Let you = consent.",2017-11-17 20:31:13,"https://twitter.com/surchn4truth/status/931620764075175936",NA,NA,0,"#fakenews"
"The biggest problem in #America isn<e2><80><99>t #Politics or #FakeNews, the #Problem is the removal of #God from our #Society<e2><80><a6> https://t.co/hDamnePyvL",2017-11-17 20:30:51,"https://twitter.com/TheSDWhiteHouse/status/931620670445846529",NA,NA,0,"#fakenews"
"Role of satire in the origins of #fakenews asked during #aarsbl17 pre-conf",2017-11-17 20:30:21,"https://twitter.com/CUBoulder_CMRC/status/931620545287860224",NA,NA,1,"#fakenews"
"@GOPSenFinance @senorrinhatch ""This is a tax cut for the middle class, not a handout to the rich.""
#FakeNews",2017-11-17 20:29:59,"https://twitter.com/tron527/status/931620454820757504",NA,NA,0,"#fakenews"
"Since the 80s. Trickle down economics has been the foundation of rep. Party. This system does not work. You see a r<e2><80><a6> https://t.co/g8Dm9g6HIQ",2017-11-17 20:29:58,"https://twitter.com/Countdistracula/status/931620450601283584",NA,NA,0,"#fakenews"
"Isn<e2><80><99>t it humorous that we live in an era where most of America is believing their politicians and instead calling t<e2><80><a6> https://t.co/GvRxzVZt0L",2017-11-17 20:29:53,"https://twitter.com/brieeek/status/931620429667725314",NA,NA,0,"#fakenews"
"@MomDads4lyfe @bothmomanddad @11am False lol. Show me the tweet. 

It was actually yesterday, where I mentioned 4.<e2><80><a6> https://t.co/J3WyWEOMHV",2017-11-17 20:28:44,"https://twitter.com/HotTakeExaminer/status/931620140394991618",NA,NA,0,"#fakenews"
"National #FakeNews media aren<e2><80><99>t the only ones trying to frame Roy Moore, Alabama<e2><80><99>s own <e2><80><9c>news<e2><80><9d> sources are doing the<e2><80><a6> https://t.co/SOY77OpsDv",2017-11-17 20:28:20,"https://twitter.com/PRevere1776/status/931620038569684993",NA,NA,0,"#fakenews"
"There will come a time when #FakeNews  leaves freedom of speech and is charged for out of control character assault and assassination.",2017-11-17 20:28:02,"https://twitter.com/chirowedc/status/931619963508584448",NA,NA,0,"#fakenews"
"#KaylaMoore shreds the @washingtonpost!  
Beautiful.  
Well spoken.  #considerthesource #fakenews 
@ScottAdamsSays<e2><80><a6> https://t.co/XBRzrMBsx0",2017-11-17 20:27:58,"https://twitter.com/FrackerDave/status/931619945447698432",NA,NA,0,"#fakenews"
"#FAKENEWS | A look at what didn't happen this week https://t.co/YyYveyNPG6",2017-11-17 20:27:53,"https://twitter.com/WDEL/status/931619927206907906",NA,NA,0,"#fakenews"
"@FoxNews When did they find this out #fakenews",2017-11-17 20:27:50,"https://twitter.com/1TerryFox/status/931619912237375489",NA,NA,0,"#fakenews"
"Deborah Whitehead &amp; @meloneer2003 answer questions regarding their presentations on #fakenews and #religion https://t.co/KdpqiMFfnC",2017-11-17 20:26:33,"https://twitter.com/CUBoulder_CMRC/status/931619589817061377",NA,NA,2,"#fakenews"
"All of these News stories are...#FakeNews https://t.co/qdaCjCntcp",2017-11-17 20:26:17,"https://twitter.com/LanaMontalban/status/931619523538583557",NA,NA,0,"#fakenews"
"@mlanger @AynRandPaulRyan @icterid Bill is a sexual predator like his friends and he was president of the U.S. Mayb<e2><80><a6> https://t.co/J6Tq9Q0BPj",2017-11-17 20:26:04,"https://twitter.com/KrispEventPhoto/status/931619467909574661",NA,NA,0,"#fakenews"
"@perrytheironwo1 @ImmoralReport @julieplec #fakenews lmao try again, #soyboy",2017-11-17 20:25:58,"https://twitter.com/theaterOFpain1/status/931619444324909056",NA,NA,0,"#fakenews"
"@nprpolitics #fakenews.  Funny how democrats are now defending sexual harassment <ed><a0><bd><ed><b8><82>",2017-11-17 20:25:35,"https://twitter.com/LibertyDoctrine/status/931619344420868101",NA,NA,0,"#fakenews"
"With the rise of #fakenews @craignewmark explains how advertisers are more concerned about where their ads are showing up. #TheTrustProject",2017-11-17 20:25:21,"https://twitter.com/NewseumInst/status/931619288980402176",NA,NA,0,"#fakenews"
"<ed><a0><bd><ed><b4><a5>What do you do to decompress?
<ed><a0><bd><ed><b4><a5>When ALL The #FAKENEWS has you yelling at your TV.
<ed><a0><bd><ed><b4><a5>When the Stress of everyday lif<e2><80><a6> https://t.co/JDGAOOlL2x",2017-11-17 20:24:56,"https://twitter.com/tbailey5477/status/931619182004854786",NA,NA,27,"#fakenews"
"During #aarsbl17 pre-conference on #fakenews @meloneer2003 presents on how news/facts/info are currencies of exchan<e2><80><a6> https://t.co/r5xJF4dOBl",2017-11-17 20:24:52,"https://twitter.com/CUBoulder_CMRC/status/931619164472606720",NA,NA,0,"#fakenews"
"@MosheLumkile @Boykie_ZA Yes, I doubt you and anyone else whose claims I cannot verify. I personally feel there is<e2><80><a6> https://t.co/w1UAUUcCRG",2017-11-17 20:24:06,"https://twitter.com/Clint_ZA/status/931618972499415040",NA,NA,0,"#fakenews"
"@SenateDems Isn't our 401Ks tied to corporate profits? Or, are you trying to take that from us too? #DemsLIE #FakeNews #FakeConcern",2017-11-17 20:24:05,"https://twitter.com/RCvengros/status/931618967344496640",NA,NA,0,"#fakenews"
"@alv9n @Imperator_Rex3 Rex- are you arguing with a vox reporter ? Sorry but CNN is a 1000 times more credible than<e2><80><a6> https://t.co/6F1nllCLpY",2017-11-17 20:23:33,"https://twitter.com/GrabBoyd/status/931618835853139968",NA,NA,0,"#fakenews"
"You mean #fakenews tabloids. <ed><a0><bd><ed><b8><82><ed><a0><bd><ed><b8><82><ed><a0><bd><ed><b8><82> https://t.co/cG4hObzg9i",2017-11-17 20:22:47,"https://twitter.com/Alisand3/status/931618641929412608",NA,NA,1,"#fakenews"
"U.S. newsrooms are 'largely unprepared' to address misinformation online #FakeNews #PR #Journalism https://t.co/Gh728e7EnH",2017-11-17 20:22:29,"https://twitter.com/BNewbacher/status/931618567732293632",NA,NA,0,"#fakenews"
"WATCH THE THRONE TOUR #FakeNews https://t.co/yIFfUwEro7",2017-11-17 20:22:28,"https://twitter.com/CammScott/status/931618562329972737",NA,NA,0,"#fakenews"
"Tinky Winky, a former member of the iconic foursome, told us he's saddened by what he describes as a 'very unprofes<e2><80><a6> https://t.co/R4FPKHkgEO",2017-11-17 20:21:47,"https://twitter.com/geekmagnifique/status/931618389608620032",NA,NA,0,"#fakenews"
"@AsburyParkPress Please look more closely at the facts, don't jump to conclusions cause it fits your Agenda. 
#FAKENEWS",2017-11-17 20:21:36,"https://twitter.com/realChillers/status/931618342216937472",NA,NA,0,"#fakenews"
"@GOP @OrrinHatch Really @GOP  This is not the entire conversation, you missed the part when he was ask to include t<e2><80><a6> https://t.co/pyhdKHrgZg",2017-11-17 20:21:11,"https://twitter.com/fortney1963/status/931618238907248640",NA,NA,1,"#fakenews"
"Popular singer-songwriter, Rita Ora, is currently involved in a legal dispute with the Teletubbies.

The group, who<e2><80><a6> https://t.co/jI2Sp27Xzb",2017-11-17 20:21:08,"https://twitter.com/geekmagnifique/status/931618227628793856",NA,NA,0,"#fakenews"
"was curious how people would access top shelves ##FakeNews https://t.co/vWsuejv7cM",2017-11-17 20:20:56,"https://twitter.com/YusufShegow/status/931618174168190976",NA,NA,0,"#fakenews"
"@DonaldJTrumpJr #fakenews. Unemployment is around 43%. So says trump",2017-11-17 20:20:44,"https://twitter.com/valhallakh/status/931618124734050305",NA,NA,0,"#fakenews"
"@WistfulCass @NoirMJ The @Independent are already #FakeNews",2017-11-17 20:20:42,"https://twitter.com/TrueMythocracy/status/931618117347938304",NA,NA,0,"#fakenews"
"@MADE__USA @TruthFeedNews Tell that to the women who were raped! Rather is the original #FakeNews taught by Walter Cronkite. Terrible!",2017-11-17 20:20:32,"https://twitter.com/jad1rad/status/931618074557591552",NA,NA,0,"#fakenews"
"Hey @TurnbullMalcolm @LiberalAus #fakenews 

""Have fun running your fake news website while we get out and talk to<e2><80><a6> https://t.co/3uLDZkFrji",2017-11-17 20:20:21,"https://twitter.com/johnnybridge2/status/931618028977926144",NA,NA,0,"#fakenews"
"@meloneer2003 outlines how fake news relates to implicit Protestant moral architecture of American relations to media #aarsbl17 #fakenews",2017-11-17 20:19:39,"https://twitter.com/STSchorey/status/931617854977388544",NA,NA,1,"#fakenews"
"This is #FakeNews. She was wearing a hoodie over her hijab, and in our school district you are not allowed to wear<e2><80><a6> https://t.co/38ttAq2iIh",2017-11-17 20:19:39,"https://twitter.com/theESTONphoto/status/931617852230119424",NA,NA,0,"#fakenews"
"Roy Moore was NEVER banned from ANY mall for his behavior! #Fakenews https://t.co/GEMo25ocre",2017-11-17 20:19:32,"https://twitter.com/NWIPatriots/status/931617825613078528",NA,NA,0,"#fakenews"
"@KendallRogersD1 @yellmk @FaedoAlex We have no proof Alex hasn't just retrieved that ring from the bus's toilet.<e2><80><a6> https://t.co/B3mQYdFYbk",2017-11-17 20:19:22,"https://twitter.com/ToadToOmaha/status/931617783053504512",NA,NA,0,"#fakenews"
"HAHAHAHAHHAHA....this guy at the press briefing, talking to the #FakeNews media, just said ""I see some nerdy people out there"" <ed><a0><bd><ed><b8><82><ed><a0><be><ed><b4><a3><ed><a0><bd><ed><b8><82><ed><a0><be><ed><b4><a3>",2017-11-17 20:19:16,"https://twitter.com/MissMaga2016/status/931617757782736896",NA,NA,0,"#fakenews"
"Editorial: Do lobby groups and political parties stage fake front group https://t.co/yhOD9U7uYC #fakenews #km #knowledgemanagement #media",2017-11-17 20:19:13,"https://twitter.com/BruceBoyes/status/931617743819882496",NA,NA,1,"#fakenews"
"@happybim_james Stop spreading #FakeNews, #antipolish #propaganda! @nytimes #Shame on you!",2017-11-17 20:19:04,"https://twitter.com/hobbyath/status/931617707736395781",NA,NA,0,"#fakenews"
"@ukhomeoffice supporting tory ministers in running smear campaign on senior officers after the seniors had the nerv<e2><80><a6> https://t.co/SDafjNNTjw",2017-11-17 20:19:01,"https://twitter.com/FALCOTINNUCULAS/status/931617693530247170",NA,NA,0,"#fakenews"
"@ReasonAwareness @idiot_girl @brenthatley #fakenews  jk!  If this is true, I agree with you.  who knows the motives<e2><80><a6> https://t.co/s3qazO8K7O",2017-11-17 20:18:41,"https://twitter.com/BooeyBa/status/931617608184553473",NA,NA,0,"#fakenews"
"@RawStory @foxnews the stupidity of Rachel Campos Duffy proves you are #FAKENEWS",2017-11-17 20:18:05,"https://twitter.com/LebellNY/status/931617457277616128",NA,NA,0,"#fakenews"
"#FakeNews Alert #NoMoore Roy Moore camp (probably through Russian trolls/bots) is spreading fake news that one of h<e2><80><a6> https://t.co/TcMm05QALs",2017-11-17 20:17:41,"https://twitter.com/SLSmith000/status/931617359739129856",NA,NA,49,"#fakenews"
"@NBCNews Changed the speed of the video to make it look weird, lol. #fakenews",2017-11-17 20:17:29,"https://twitter.com/FRIENDLYFlRE/status/931617309982109696",NA,NA,0,"#fakenews"
"BBC News - A failed 'Swedish flag' hoax shows the decline of the extremist 4chan message board<e2><80><a6> https://t.co/ivGclVD86F",2017-11-17 20:17:19,"https://twitter.com/VikkiMarshall4/status/931617267028180992",NA,NA,0,"#fakenews"
"Listening to #FakeNews - specifically #ClintonNewsNetwork and I have to call #DemocraticParty the #HypocraticParty<e2><80><a6> https://t.co/ReM8onZQXP",2017-11-17 20:16:57,"https://twitter.com/smilinshelly/status/931617174086701056",NA,NA,0,"#fakenews"
"@FoxNews @PressSec @FoxNews What kind of journalism are y'all doing over there? #FakeNews #fake? https://t.co/9toA7po0dq",2017-11-17 20:16:44,"https://twitter.com/MrColinBoyd/status/931617120126894085",NA,NA,0,"#fakenews"
"The media silence on the greatest #publichealth discovery since penicillin is quite telling
https://t.co/xi9TADjD2I<e2><80><a6> https://t.co/YBzCunPTjU",2017-11-17 20:16:31,"https://twitter.com/mihotep/status/931617065173008384",NA,NA,2,"#fakenews"
"Still pushing those grainy FLIR videos, after your own @Earthworks colleague admitted they're not backed by any sci<e2><80><a6> https://t.co/3o9IUnmCvd",2017-11-17 20:16:21,"https://twitter.com/saeverley/status/931617024693895170",NA,NA,0,"#fakenews"
"@sscribner1 @FoxNews FOX IS THE ONLY REAL NEWS THERE IS MSM IS #FAKENEWS",2017-11-17 20:16:19,"https://twitter.com/mikehun67616191/status/931617016485695490",NA,NA,0,"#fakenews"
"@Coops_tv PS you<e2><80><99>re a MSM sheep &amp; a sucker for #FakeNews &amp; BS spins",2017-11-17 20:16:13,"https://twitter.com/Mark_SWMegaFan/status/931616987796725760",NA,NA,0,"#fakenews"
"@bretthhorton @Rosie @SteveScalise She learns her politics from #fakenews sources.  That and she<e2><80><99>s has some mental<e2><80><a6> https://t.co/5lktGjRFoq",2017-11-17 20:16:01,"https://twitter.com/DrDeplrbleMBA/status/931616937410514944",NA,NA,0,"#fakenews"
"Projects like #TheTrustProject help consumers meet in the middle between #fakenews &amp; accepting face value news. @1stAmendmentCtr @LataNott",2017-11-17 20:15:57,"https://twitter.com/NewseumInst/status/931616922268991488",NA,NA,1,"#fakenews"
"A Man Accidentally Shot Himself And His Wife While Discussing Church Shootings In A Church https://t.co/zi1xGoNt7W<e2><80><a6> https://t.co/jJMqyK5HrM",2017-11-17 20:15:27,"https://twitter.com/teespringstores/status/931616797538832386",NA,NA,2,"#fakenews"
"@lisabishop6698 @qomby @DannyZuker @SethAbramson I think they call that #FakeNews",2017-11-17 20:15:27,"https://twitter.com/hbmcg/status/931616796439805953",NA,NA,0,"#fakenews"
"@madlymad Stop spreading #FakeNews, #antipolish #propaganda ! Shame on you!",2017-11-17 20:15:19,"https://twitter.com/hobbyath/status/931616763866992640",NA,NA,0,"#fakenews"
"A story published by Buzzfeed. #FakeNews https://t.co/ZEMzGkamax",2017-11-17 20:15:00,"https://twitter.com/ThomasEM1991/status/931616683688628224",NA,NA,0,"#fakenews"
"@jaketapper **Partisan political hacks** are looking into his background. Journalists would look <ed><a0><bd><ed><b1><80> &amp; dig into backg<e2><80><a6> https://t.co/stkXBwZsIS",2017-11-17 20:14:52,"https://twitter.com/zPopzz/status/931616647621824512",NA,NA,0,"#fakenews"
"@HARRISFAULKNER #FakeNews #FoxNews #TaxHikeForTheMiddleClass 
Oh Harris, the GOP is a traitor to the middle-class a<e2><80><a6> https://t.co/CoHny9OFGv",2017-11-17 20:14:50,"https://twitter.com/RexByner/status/931616641447878656",NA,NA,0,"#fakenews"
"Lots to think about here. You're ahead of the #fakenews trend @HowMichael @yellamundie https://t.co/iXymo8VhUG",2017-11-17 20:14:48,"https://twitter.com/VirtualEva/status/931616630873952256",NA,NA,0,"#fakenews"
"The problem with climate change ""science"" (yes, I put that in quotes deliberately) is that if you cherry-pick your<e2><80><a6> https://t.co/TUPLYoRZAC",2017-11-17 20:14:38,"https://twitter.com/LoneWolf907/status/931616589283180544",NA,NA,0,"#fakenews"
"omg. is this #fakenews from the #LYINGMEDIA @FrannyHilson666 https://t.co/CwuXwxIcnM",2017-11-17 20:14:17,"https://twitter.com/barbiesIayerr_/status/931616504520601603",NA,NA,3,"#fakenews"
"Photo By Annie Spratt | Unsplash 
 #fakenews #news&amp;media https://t.co/7PjW21jgdo",2017-11-17 20:14:07,"https://twitter.com/SmilezzTVFails/status/931616462241959937",NA,NA,0,"#fakenews"
"@Cernovich Why is anyone calling Sam Nunberg a ""former Trump adviser"" when he keeps planting fake hit pieces in the<e2><80><a6> https://t.co/TbkmVZOEoe",2017-11-17 20:13:38,"https://twitter.com/ZACHHALLERFRAUD/status/931616339290132480",NA,NA,1,"#fakenews"
"#FAKENEWS admitted https://t.co/77pt8hCjtg",2017-11-17 20:13:16,"https://twitter.com/Cato_Cat/status/931616245509529600",NA,NA,0,"#fakenews"
"Papa johns claims to have delivered my food according to the site yet I still don't have  it. #fakenews",2017-11-17 20:13:04,"https://twitter.com/Ronsuxx/status/931616197954670594",NA,NA,0,"#fakenews"
"@Phakaaathi @Bloem_Celtic This is #FakeNews",2017-11-17 20:12:47,"https://twitter.com/CapeTownCityFC/status/931616126987132929",NA,NA,3,"#fakenews"
"#FakeNews. Heller voted for repeal and replace and drafted the President's next attempt. #NVSEN https://t.co/gykCKJQspG",2017-11-17 20:12:40,"https://twitter.com/TeamDean/status/931616096800579584",NA,NA,1,"#fakenews"
"@marlenerein The solution in Germany is to inform the people teach them the truth was long as the decision taking p<e2><80><a6> https://t.co/kXzJsRM2hd",2017-11-17 20:12:24,"https://twitter.com/newsmeltdown/status/931616029805109248",NA,NA,0,"#fakenews"
"@jaketapper @benshapiro Hey U #FakeNews Faketapper If I accuse of U of such as @MooreSenate accused of, it can also<e2><80><a6> https://t.co/NJp67uVkHY",2017-11-17 20:12:20,"https://twitter.com/jtblogs/status/931616012650283010",NA,NA,1,"#fakenews"
"@LisaBarone #fakenews I was totally on your side at least once. There's probably evidence.",2017-11-17 20:12:11,"https://twitter.com/SusanEsparza/status/931615972150013952",NA,NA,0,"#fakenews"
"@MKTWgoldstein @ARiquier This is SUCH a misleading headline. In the first paragraph you say if you make under 300K<e2><80><a6> https://t.co/PjNmox74js",2017-11-17 20:12:09,"https://twitter.com/MadamAsuka/status/931615966760439808",NA,NA,0,"#fakenews"
"January term and spring semester books have arrived. The next 6 months are going to rock. #FakeNews and #SciComm in<e2><80><a6> https://t.co/TtmYoo52sm",2017-11-17 20:12:07,"https://twitter.com/bookowl/status/931615958673784844",NA,NA,1,"#fakenews"
"@kylegriffin1 And the Clinton campaign? 
Or are you pretending campaigns for president don't meet with foreign
dign<e2><80><a6> https://t.co/QZMIT6vqZI",2017-11-17 20:12:07,"https://twitter.com/buckeyedaniel/status/931615958439006208",NA,NA,0,"#fakenews"
"#FakeNews and the Power of Positive Hoaxing with Paul Krassner.
https://t.co/7PnDAX3pgR https://t.co/VPXKwq1vpE",2017-11-17 20:12:05,"https://twitter.com/printmag/status/931615950964740096",NA,NA,0,"#fakenews"
"I don't offer opinion, only information! @johnalexwood @thehill #fakenews",2017-11-17 20:11:49,"https://twitter.com/COREBIZUS/status/931615883818041350",NA,NA,0,"#fakenews"
"@kkmurphy @Rose52413 The writer @Rose52413 blocked me for correcting her, and prior to being blocked I noticed she<e2><80><a6> https://t.co/8Elvkh4Kmq",2017-11-17 20:11:44,"https://twitter.com/Sedenquist/status/931615860694966272",NA,NA,0,"#fakenews"
"#colbert says nazi..its alt-right, he says healthcare wen his #fakenews makes ppl sick&amp;says cbs family wen family means2get superrich #trump",2017-11-17 20:11:38,"https://twitter.com/blackasblackcan/status/931615837496205317",NA,NA,0,"#fakenews"
"@jaketapper And still no verifiable proof. #FakeNews #fakejake",2017-11-17 20:11:01,"https://twitter.com/dogget09/status/931615679295320064",NA,NA,0,"#fakenews"
"Breitbart #FakeNews Blames McConnell
Roy Pedophile Moore Charges
While
@rushlimbaugh Spins Conspiracy 
Weinstein/Sp<e2><80><a6> https://t.co/oQI2ERCILE",2017-11-17 20:10:42,"https://twitter.com/Webster69Dw/status/931615599943471106",NA,NA,0,"#fakenews"
"It<e2><80><99>s important for us to think about teaching media literacy in a post-truth era and the impact of #fakenews in our<e2><80><a6> https://t.co/0jXTAdGKxQ",2017-11-17 20:10:31,"https://twitter.com/SarahWitt87/status/931615554015776768",NA,NA,0,"#fakenews"
"Wait, I love that dems are calling for an investigation of Trumps sexual harassment allegations ... it<e2><80><99>s like they<e2><80><99><e2><80><a6> https://t.co/2NakAhuQyt",2017-11-17 20:10:29,"https://twitter.com/Aneva0/status/931615547179102209",NA,NA,0,"#fakenews"
"Michael The Christmas-Hating Dog Went To Great Lengths To Let Mom Know How He Felt https://t.co/Wkk2N3hPTL #News<e2><80><a6> https://t.co/1gIstQKZam",2017-11-17 20:10:23,"https://twitter.com/teespringstores/status/931615521111285760",NA,NA,0,"#fakenews"
"@CBSNews #FakeNews He has committed publicly: he said it's up to the voters in Alabama...which is how it should be,<e2><80><a6> https://t.co/YxUYFtb9qT",2017-11-17 20:10:22,"https://twitter.com/CannedPeaches72/status/931615516082319361",NA,NA,1,"#fakenews"
"@jaketapper @benshapiro The people you defend through #FakeNews #LieByOmission. You are complicit in that sense.",2017-11-17 20:10:08,"https://twitter.com/611601717_/status/931615460109496325",NA,NA,0,"#fakenews"
"It's no #FakeNews, 'OTO'S PL  <c2><a3>3k Correct Sco' is the real deal! We're going for that @ColossusBets <c2><a3>3,000 jackpot https://t.co/7u7bhWtT0P",2017-11-17 20:09:36,"https://twitter.com/overcomingodds1/status/931615324503511041",NA,NA,0,"#fakenews"
"@senorrinhatch @taxfoundation Not for me.  My liablity goes up. You are #fakenews",2017-11-17 20:09:34,"https://twitter.com/IDioM_anon/status/931615316307673088",NA,NA,0,"#fakenews"
"How does a man accused of all the crap the #fakenews is accusing him of, never once behave inappropriately in front<e2><80><a6> https://t.co/47pTplCnCg",2017-11-17 20:09:10,"https://twitter.com/AnewThomasPaine/status/931615213970960384",NA,NA,13,"#fakenews"
"Get Ya Fake News Here!! @ BestofBad Merch, #Muellertime <ed><a0><bd><ed><b1><8d> #TrumpRussia #fakenews #FOX #CNN #news #VHS #Trump<e2><80><a6> https://t.co/IGjrU9izzB",2017-11-17 20:09:05,"https://twitter.com/badmovieman/status/931615193485987841",NA,NA,0,"#fakenews"
"@jaketapper One more thing #fakenews tapper ...
There is no law that needs to be enforced.
Are you really that stup<e2><80><a6> https://t.co/xIYQAKCvcq",2017-11-17 20:09:02,"https://twitter.com/iMaGiNeprints/status/931615182861864963",NA,NA,0,"#fakenews"
"@annalecta @mjanssen @thedailybeast @lachlan Don't believe everything you read in the CIA funded WaPo, sweetheart.<e2><80><a6> https://t.co/Di31SlfjHW",2017-11-17 20:08:56,"https://twitter.com/wtfugisgoingon/status/931615156244639744",NA,NA,0,"#fakenews"
"@amber_athey Media outlets have not been covering the blase buffet selection at my local eatery. #FakeNews #LYINGMEDIA",2017-11-17 20:08:40,"https://twitter.com/pattmayne/status/931615090771496960",NA,NA,0,"#fakenews"
"You mean the Al-Qaeda that Iran supports? So Iran is attacking its ally while simultaneously bombing Syria<e2><80><99>s enemie<e2><80><a6> https://t.co/RL5OvWgkjn",2017-11-17 20:08:26,"https://twitter.com/jameshauso/status/931615029962588160",NA,NA,0,"#fakenews"
"Congrats @thehill. This post now qualifies you as the King of #FakeNews. https://t.co/E1xY59Tr1o",2017-11-17 20:08:20,"https://twitter.com/Southrngirl77/status/931615007347003392",NA,NA,0,"#fakenews"
"@thehill Same polls who said Trump wouldn't beat Clinton. #FakeNews",2017-11-17 20:08:09,"https://twitter.com/JosephD199193/status/931614957132763136",NA,NA,0,"#fakenews"
"@KyleHunter @RealSaavedra @KatyTurNBC @GloriaAllred @MSNBC #Shocked that a client is hurt by a crooked lawyer suffe<e2><80><a6> https://t.co/lN85BPvZox",2017-11-17 20:07:36,"https://twitter.com/BMisconduct/status/931614822684348416",NA,NA,0,"#fakenews"
"#FakeNews #FakeMedia #FakePolls   maybe they should ask republicans!! https://t.co/eb7hMcRcIv",2017-11-17 20:07:17,"https://twitter.com/lbell45b/status/931614742598373376",NA,NA,0,"#fakenews"
"@stweetleigh @jlhtchr #FakeNews #Ignorance 
Leigh, this is an example of a prototypically deluded conservative pers<e2><80><a6> https://t.co/3lXffveIxm",2017-11-17 20:07:17,"https://twitter.com/RexByner/status/931614742485008384",NA,NA,0,"#fakenews"
"#FakeNews or not ? https://t.co/WA3igkfOFT",2017-11-17 20:06:37,"https://twitter.com/Tomas1374/status/931614574809436163",NA,NA,0,"#fakenews"
"Interesting development for #MediaLIt #FakeNews #InfoLit // Trust Project Launches Indicators | https://t.co/pMabJUEPmW",2017-11-17 20:06:35,"https://twitter.com/DaveWee1/status/931614564462022656",NA,NA,0,"#fakenews"
"""Matter for law enforcement"" means #FakeNews @CNNPolitics runs it 24/7 as fact. https://t.co/Bczv9zrUtP",2017-11-17 20:06:24,"https://twitter.com/apq11235/status/931614519880830983",NA,NA,0,"#fakenews"
"@realDonaldTrump Sarin gas provided by USA. We know you're spreading #FakeNews Hey, how's #PuertoRico",2017-11-17 20:06:17,"https://twitter.com/LaurenW3421/status/931614489513951232",NA,NA,0,"#fakenews"
"Hypocritical #fakenews @CNN Gives the Lamest Excuses for Groper #AlFranken<e2><80><a6> #America #DemocRATS #DNC #Congress 
https://t.co/sXg4ISXbZQ",2017-11-17 20:06:11,"https://twitter.com/rossr122/status/931614463094075392",NA,NA,0,"#fakenews"
"@jbarro Their? Not surprising you pushing #FakeNews <ed><a0><bd><ed><b9><84>",2017-11-17 20:06:10,"https://twitter.com/loveletters2007/status/931614458832662538",NA,NA,0,"#fakenews"
"How good are you at spotting fake news? #MyQuestToTeach #blogger @wmjackson shares how to spot it #online &amp; why it'<e2><80><a6> https://t.co/awNv7y6E3H",2017-11-17 20:06:00,"https://twitter.com/hypeORL/status/931614418793668608",NA,NA,0,"#fakenews"
"Hi, Kayla Moore.

Take comfort knowing your husband @MooreSenate is not alone when it comes to @wapo #FakeNews

Ros<e2><80><a6> https://t.co/NaKyFs4Ob0",2017-11-17 20:05:50,"https://twitter.com/PolarWhut/status/931614375097585665",NA,NA,0,"#fakenews"
"@seanhannity ouch, the #FakeNews stories are crumbling - ""she left it on counter and did not see him sign it""...sur<e2><80><a6> https://t.co/Sq0Z9pNS7C",2017-11-17 20:05:14,"https://twitter.com/bballisgr8/status/931614226560573441",NA,NA,0,"#fakenews"
"What's next for CITS Research? Scholars, journalists and media industry professionals collaborated in workshop sess<e2><80><a6> https://t.co/Hej6kOx3w8",2017-11-17 20:05:14,"https://twitter.com/ucsbcits/status/931614224148725761",NA,NA,0,"#fakenews"
"The Rock Making Our 8-Bit Dreams Come True In Live Action Rampage Movie https://t.co/fEO2YaV9kg #News #sport<e2><80><a6> https://t.co/FC0z6CTyhS",2017-11-17 20:05:13,"https://twitter.com/teespringstores/status/931614219325399046",NA,NA,0,"#fakenews"
"I thought y<e2><80><99>all said they hated each other #fakemedia #fakenews #Afc https://t.co/oL8s4NX7yE",2017-11-17 20:04:59,"https://twitter.com/feezo4dizo/status/931614163335512064",NA,NA,0,"#fakenews"
"@benshapiro @suzettepetillo This admittance by liberal #FakeNews is just smoke in mirrors on the real democrat<e2><80><99>s sc<e2><80><a6> https://t.co/xsc40Ab9bU",2017-11-17 20:04:49,"https://twitter.com/xrey1/status/931614119131672576",NA,NA,0,"#fakenews"
"@SethAbramson Fox News is #FakeNews",2017-11-17 20:04:48,"https://twitter.com/DanDahMan3D/status/931614118221578240",NA,NA,0,"#fakenews"
"NOT REAL NEWS: A roundup of some of the most popular, but completely untrue, headlines of the week.<e2><80><a6> https://t.co/Jvfv4POtvG",2017-11-17 20:04:47,"https://twitter.com/ArtMusicLife/status/931614113226285056",NA,NA,0,"#fakenews"
"#fakenews is killing this country. To many people are brainwashed by the fakenews and need to realize<e2><80><a6> https://t.co/dAnzLGY319",2017-11-17 20:04:40,"https://twitter.com/1776_and_proud/status/931614083434143744",NA,NA,0,"#fakenews"
"@SethAbramson @FoxNews isn't journalism, it's blatant propaganda.  #FakeNews",2017-11-17 20:03:34,"https://twitter.com/Angry1Scientist/status/931613806199017472",NA,NA,0,"#fakenews"
"I just read 58% of #USA doesn't like TaxPlan. I think:
1 They don't know what it is
2 They live n State w/ high tax<e2><80><a6> https://t.co/DHrgdXvwDD",2017-11-17 20:03:33,"https://twitter.com/DandlMontgomery/status/931613801547534336",NA,NA,0,"#fakenews"
"CNN<e2><80><99>s John Berman Wonders <e2><80><98>What<e2><80><99>s The Point<e2><80><99> Of Investigating Franken https://t.co/VMpQDHZ8sz #CNN #FakeNews<e2><80><a6> https://t.co/TsD8YiVmJK",2017-11-17 20:03:30,"https://twitter.com/hoosierbarb/status/931613788498997249",NA,NA,0,"#fakenews"
"@ScottMcGrew @washingtonpost After all that. The only thing those #FakeNews, filthy yellow rag, ""journalists"" at WA<e2><80><a6> https://t.co/ZP0EUfSOBO",2017-11-17 20:03:24,"https://twitter.com/Account_DPX/status/931613762611765248",NA,NA,0,"#fakenews"
"@MrAlfredGarnett The Russians have dropped the ball with this one ... the quality of their persuasive #fakenews is<e2><80><a6> https://t.co/GDHZeCTBze",2017-11-17 20:03:11,"https://twitter.com/bit_rude/status/931613708782067713",NA,NA,0,"#fakenews"
"@dcexaminer Is this #fakenews? If not, its awesome!",2017-11-17 20:02:42,"https://twitter.com/kathrynkellyPR/status/931613589248524288",NA,NA,0,"#fakenews"
"@parkingwarrior @shiborigirl @LongBeachMayor @RobertGarciaLB more #fakenews from @LongBeachMayor",2017-11-17 20:02:41,"https://twitter.com/AnneProffit/status/931613584563376128",NA,NA,0,"#fakenews"
"@freckle_red @jvgraz @LeeannTweeden fucked your mind. with #Fakenews CONSENSUAL KISS = RAPE, spoofed photo = rape. https://t.co/hxvp2faaqX",2017-11-17 20:02:36,"https://twitter.com/Team_LIBer8/status/931613563512168448",NA,NA,0,"#fakenews"
"I<e2><80><99>m pretty sure @kenzzzziie drunk messaged me when asking for my snap and then never added me #fakenews",2017-11-17 20:02:26,"https://twitter.com/prxncesskayy_/status/931613522026487813",NA,NA,0,"#fakenews"
"Since the only indictments in the #TrumpRussia probe so far have nothing to do with Trump or Russia, is the main an<e2><80><a6> https://t.co/pk7EXbvczp",2017-11-17 20:02:10,"https://twitter.com/Regressipedia/status/931613453013475329",NA,NA,0,"#fakenews"
"@atretolo There was no fumbling issue... #FakeNews",2017-11-17 20:02:05,"https://twitter.com/crazychrisisba/status/931613433530810369",NA,NA,0,"#fakenews"
"@JackPosobiec In my city of birth we have a Polish honor field....Polish men dying while fighting nazi<e2><80><99>s.....they w<e2><80><a6> https://t.co/u1govATPZO",2017-11-17 20:01:56,"https://twitter.com/Zendgemachtigde/status/931613393689153537",NA,NA,2,"#fakenews"
"In tomorrow's new episode, we're investigating how #Pizzagate spread. Stay tuned!

Also relevant: Our official guid<e2><80><a6> https://t.co/8GNkfduGYT",2017-11-17 20:01:20,"https://twitter.com/reveal/status/931613243554123776",NA,NA,8,"#fakenews"
"Not illegal to manufacture your own otherwise legal guns, you just can't make a business out of selling them withou<e2><80><a6> https://t.co/WDdB7JYVpY",2017-11-17 20:01:20,"https://twitter.com/archaeofuturist/status/931613243386105856",NA,NA,0,"#fakenews"
"@mhbergen At some point, Google and Facebook et al will realize readers need to be part of the solution for<e2><80><a6> https://t.co/Rk4aBOhJQW",2017-11-17 20:01:17,"https://twitter.com/Fiskkit/status/931613229989662724",NA,NA,0,"#fakenews"
"@flower_donna @dragonsummoner2 Well, the accusation against Sly is #fakenews.",2017-11-17 20:01:13,"https://twitter.com/IronFist_bricks/status/931613212893765632",NA,NA,0,"#fakenews"
"@ColumbiaBugle @thedonaldreddit Source or #fakenews",2017-11-17 20:01:09,"https://twitter.com/mats_moroz/status/931613197441810432",NA,NA,0,"#fakenews"
"#FakeNews.President Trump made tens of millions of dollars in profits by allowing Colombian drug cartels to launder money .Newsweek",2017-11-17 20:01:02,"https://twitter.com/LavonaPaulse/status/931613170124419072",NA,NA,0,"#fakenews"
"Correction: California idiot destroys his AR-15 to get his 15 minutes of fame. What a dumbass  #FakeNews https://t.co/dYWoI7Jkj9",2017-11-17 20:00:58,"https://twitter.com/jajohnson77/status/931613151187136513",NA,NA,0,"#fakenews"
"@Franklin_Graham #Fakenews and you call yourself a man of god? Which god? #satan? Your support of alleged pedophilia is abhorrent.",2017-11-17 20:00:49,"https://twitter.com/StarStripes1776/status/931613113056677888",NA,NA,0,"#fakenews"
"@CNN Texas Trump sticker story was a twisted FRAUD. #FakeNews https://t.co/xNdQHV0ekG",2017-11-17 20:00:47,"https://twitter.com/maryrogers99/status/931613107205607435",NA,NA,0,"#fakenews"
"@thehill Megyn is a loser #fakenews",2017-11-17 20:00:24,"https://twitter.com/HobbOfTheNorth/status/931613009943728128",NA,NA,0,"#fakenews"
"@PolandMFA Patriots called nazis by actual socialists... These radical leftists have some nerve! #Leftists #FakeNews",2017-11-17 20:00:18,"https://twitter.com/TheExpiated/status/931612985331556352",NA,NA,0,"#fakenews"
"Catch @lclap &amp; @eyes107 tomorrow at #ncss17! They'll be with SRL student journalists from @smuhsd &amp; @mea_kdol talki<e2><80><a6> https://t.co/JuYSKY98Sh",2017-11-17 20:00:02,"https://twitter.com/reportinglabs/status/931612914502418432",NA,NA,0,"#fakenews"
"Ummmmm??? I beg to differ the amount of empty carbohydrates in the beer alone will make you fat. #FakeNews https://t.co/9wIOJZWpgg",2017-11-17 19:59:39,"https://twitter.com/ciancio_sara/status/931612821275791360",NA,NA,1,"#fakenews"
"@oves8301 @PUMA Except for the fact that I personally selected this one at the store #fakenews #dummy",2017-11-17 19:59:19,"https://twitter.com/chris_skinny/status/931612737456787456",NA,NA,0,"#fakenews"
"@jaketapper Accusations may or may not be true. 40 years is a long time. Do stories change over time. Do people dri<e2><80><a6> https://t.co/DXNj99u9Mu",2017-11-17 19:59:14,"https://twitter.com/gomaketime/status/931612717093289984",NA,NA,0,"#fakenews"
"The #fakenews media is misleading Americans on what is included in the Tax Bill. It's scary how many journalists an<e2><80><a6> https://t.co/n2aYtJvkmd",2017-11-17 19:59:05,"https://twitter.com/madisonc_morris/status/931612677788655616",NA,NA,0,"#fakenews"
"#NewJersey Bob Menendez says it's #NationalTakeAHikeDay screw You Let the $$ and the Good times roll. PS #Fakenews<e2><80><a6> https://t.co/96vj7Vhxo7",2017-11-17 19:59:03,"https://twitter.com/bydefault/status/931612668829544448",NA,NA,3,"#fakenews"
"An Embrace Hearing banner ad popped up when I opened @CNN today. This is not #FakeNews. Are the hearing aid manufac<e2><80><a6> https://t.co/iyYydgk6jr",2017-11-17 19:58:34,"https://twitter.com/audioGjS/status/931612546485882881",NA,NA,1,"#fakenews"
"@rj_seymour15 @SECNetwork @AuburnFootball @AuburnTigers @AyeyoKEJO Because it's not #FakeNews",2017-11-17 19:58:30,"https://twitter.com/JaxFryburger/status/931612532313346049",NA,NA,0,"#fakenews"
"@CNN @CNNi @cnnireport @CNNImpact @CNNInternatDesk CNN is crumbling - becaue they attack @Potus &amp; because of<e2><80><a6> https://t.co/1ur5Fzgfw2",2017-11-17 19:58:17,"https://twitter.com/Drone1969/status/931612476226990080",NA,NA,0,"#fakenews"
"HAHA! #JeffSessions got #jokes! Opens with, <e2><80><9c>Is Ambassador Kislyak in the room, before I get started? Any #Russians<e2><80><a6> https://t.co/QXTCvQzMHC",2017-11-17 19:58:07,"https://twitter.com/DeepStvte/status/931612435022340106",NA,NA,54,"#fakenews"
"Wondering if the "" #TrannyAgenda "" is something that is made up or #FakeNews - Search #Google and see for yourself.<e2><80><a6> https://t.co/oFSv9WJ05O",2017-11-17 19:58:03,"https://twitter.com/SlicksTweetz/status/931612418899185664",NA,NA,8,"#fakenews"
"#fakenews -  Watch Paramore's glittery <e2><80><9c>Fake Happy<e2><80><9d> music video - Alternative Press https://t.co/mIS2h0wj0n",2017-11-17 19:58:02,"https://twitter.com/FakeNewsNews247/status/931612415116034049",NA,NA,0,"#fakenews"
"The same idiots that scream #FAKENEWS , believe those very same outlets when #BreakingNews is published in (((THEIR<e2><80><a6> https://t.co/A8zmaciJGq",2017-11-17 19:58:01,"https://twitter.com/jSkrilla14/status/931612409944510465",NA,NA,0,"#fakenews"
"@CNN @CNNi @cnnireport @CNNImpact @CNNInternatDesk CNN is crumbling - becaue they attack @Potus &amp; because of<e2><80><a6> https://t.co/IWa4VEbr02",2017-11-17 19:57:49,"https://twitter.com/Drone1969/status/931612359327485952",NA,NA,0,"#fakenews"
"@lomaxa12 @ZcohenCNN ""Of zero training value"" #fakenews @ZcohenCNN",2017-11-17 19:57:42,"https://twitter.com/ashbybaum/status/931612329338458112",NA,NA,0,"#fakenews"
"@TheOnion Hey, if nobody has come forward yet - as your piece suggests, then surely you<e2><80><99>re making this up? #fakenews!",2017-11-17 19:57:31,"https://twitter.com/SteveWa42380044/status/931612282852913152",NA,NA,0,"#fakenews"
"PODCAST ALERT:  The Origin Episode (3) is here!  Watch ""Real or Fake"" in this week's segment:<e2><80><a6> https://t.co/SegDWdSILr",2017-11-17 19:57:27,"https://twitter.com/ORIGINFSCJ/status/931612265425637376",NA,NA,0,"#fakenews"
"@Oregonian ONLY because @BillClinton &amp; @HillaryClinton are back in the news AGAIN, for of Bill's sexual misconduct<e2><80><a6> https://t.co/0uK0sF29Rx",2017-11-17 19:57:20,"https://twitter.com/Monsta84/status/931612236858011648",NA,NA,0,"#fakenews"
"@bbusa617 @WayneDupreeShow Won't hear about that on the #FakeNews Networks.
Ha rot in jail. Democrat",2017-11-17 19:57:12,"https://twitter.com/Hydro_Warehouse/status/931612204066942976",NA,NA,3,"#fakenews"
"Doctors kill more people per year in the USA than a global  #OpioidEpidemic  Don<e2><80><99>t let the #FakeNews media hide the<e2><80><a6> https://t.co/9pbXR22LZZ",2017-11-17 19:57:03,"https://twitter.com/BourbonCurio/status/931612166846844928",NA,NA,0,"#fakenews"
"School nixes boy's ""FNN"" #FakeNews T-shirt on field trip to @CNN #FoxNews https://t.co/5YH2ECYjcI",2017-11-17 19:56:39,"https://twitter.com/somercet/status/931612064652591106",NA,NA,0,"#fakenews"
"@SethAbramson It's for real, and it is called #FakeNews",2017-11-17 19:56:28,"https://twitter.com/stephenmskinner/status/931612018833899520",NA,NA,0,"#fakenews"
"Anyone else think they just saw Corbin Blue #FakeNews so disappointed right now smh https://t.co/5a5QukBaCT",2017-11-17 19:56:26,"https://twitter.com/coby_gold/status/931612008709001216",NA,NA,0,"#fakenews"
"@SenSchumer @realDonaldTrump #AlFrankenResign #AlFrankenMustResign #AlFranken @ivankatrump. ETHICS INVESTIGATION?<e2><80><a6> https://t.co/lZ1f6EuYNx",2017-11-17 19:56:25,"https://twitter.com/ICEQuotient/status/931612007572283392",NA,NA,0,"#fakenews"
"It is 3PM on the East Coast and now to our #CNN Correspondent on assignment with @FoxNews the purveyour of falsehoo<e2><80><a6> https://t.co/KeTamU8ug5",2017-11-17 19:56:12,"https://twitter.com/sean_h_connell/status/931611950718517250",NA,NA,0,"#fakenews"
"@ScottAdamsSays @Politicsinsider Speaking of #FakeNews @HillaryClinton should check with YOU about how AWFUL those<e2><80><a6> https://t.co/bl3PuF82bc",2017-11-17 19:56:11,"https://twitter.com/BadCarbNoDonut/status/931611947409162246",NA,NA,0,"#fakenews"
"@jilliej26 @Diana236 @SenJohnMcCain Just #DNC propaganda #MSM @CNN #FakeNews #Hypocrisy #BJClinton #TedKennedy<e2><80><a6> https://t.co/GRYa9Vubpl",2017-11-17 19:56:10,"https://twitter.com/robk892/status/931611942279454720",NA,NA,0,"#fakenews"
"#FakeNews &amp;amp; Libs can't explain:
1. Rise of Terror
2. Rise of Anti-Semitism
I tell them: Maybe influx of Muslims<e2><80><a6> https://t.co/GaS8mWj57K",2017-11-17 19:56:02,"https://twitter.com/zlando/status/931611911996694528",NA,NA,1,"#fakenews"
"@dodgr007 @NBCNews @NBCNewsTHINK ??? WHAT GROPING YOU LYING POS!!!! BILL CLINTON RAPED WOMEN RUINED THE LIFE OF A 2<e2><80><a6> https://t.co/smRiaWSQnW",2017-11-17 19:55:52,"https://twitter.com/BaggaBrigade/status/931611868678053889",NA,NA,0,"#fakenews"
"@happybim_james Jan T. Gross (an incurable Polonophobe) should be sent to jail for defamation. Shame on those who b<e2><80><a6> https://t.co/yt2AYAv9r9",2017-11-17 19:55:44,"https://twitter.com/Ojdadana/status/931611833395539968",NA,NA,0,"#fakenews"
"The Entire Staff Of A Bar Quit After The Owner Was Accused Of Sexual Misconduct https://t.co/PZ4hUCAFY3 #News<e2><80><a6> https://t.co/JxTFpEQCoS",2017-11-17 19:55:17,"https://twitter.com/teespringstores/status/931611722313601025",NA,NA,0,"#fakenews"
"The Breakdown: The <e2><80><98>Rampage<e2><80><99> Trailer Pits The Rock Against A Giant Gorilla, Finally https://t.co/8VsD44lPn5 #News<e2><80><a6> https://t.co/OZtPkTNEPG",2017-11-17 19:55:14,"https://twitter.com/teespringstores/status/931611708585664512",NA,NA,0,"#fakenews"
"Of course they do. #AlFrankenstein has a D behind his name. @CNN @NBC are democrat MSM wing !! Discusting!!<e2><80><a6> https://t.co/ON1P2wdHAu",2017-11-17 19:54:52,"https://twitter.com/les_deplorable/status/931611615744606208",NA,NA,0,"#fakenews"
"SHAME SHAME SHAME! this is what @fthilbay a fanboi of  Game of Thrones will say to @cnnphilippines  and<e2><80><a6> https://t.co/WBh1UN6jhm",2017-11-17 19:54:44,"https://twitter.com/cinzano_paris/status/931611584861839360",NA,NA,1,"#fakenews"
"@WhatTheFFacts Wow this is completely untrue first his son ran in front of his car there was zero way to avoid the<e2><80><a6> https://t.co/MMYA2k2D4P",2017-11-17 19:54:04,"https://twitter.com/james_guttridge/status/931611414728527872",NA,NA,0,"#fakenews"
"A terrifying look into how the absuuurd news story of #pizzagate broke and the resources behind the dissemination o<e2><80><a6> https://t.co/ePQpK587Sp",2017-11-17 19:53:39,"https://twitter.com/joixlee/status/931611311091224576",NA,NA,0,"#fakenews"
"@nypost lol...you bunch of lying elitist. #FakeNews",2017-11-17 19:53:25,"https://twitter.com/dittos88/status/931611252362764289",NA,NA,0,"#fakenews"
"@DonaldJTrumpJr You'll never see this on the salty #FakeNews programs.",2017-11-17 19:53:19,"https://twitter.com/Gagnon_11/status/931611225837862912",NA,NA,0,"#fakenews"
"Sources close to @CNN just told me that CNN HQ tells the reporters to make up stories about conservatives.      Man<e2><80><a6> https://t.co/tqlFxnWafW",2017-11-17 19:52:29,"https://twitter.com/CSGray10/status/931611018475819008",NA,NA,0,"#fakenews"
"As a community, we are pretty good at self-policing but what about when external actors create problems? #SacklerSciComm #fakenews #Predpubs",2017-11-17 19:51:47,"https://twitter.com/DocCamiRyan/status/931610842122084353",NA,NA,0,"#fakenews"
"Utter disgrace this #StateOfAmerica panel defending sexual predator Al Franken because he sent a letter of apology.<e2><80><a6> https://t.co/aipDwdiwDH",2017-11-17 19:50:53,"https://twitter.com/radosko/status/931610613679304704",NA,NA,0,"#fakenews"
"""Bursting the soap bubble"" from ""The Pig That Wants to be Eaten"". Those into #FakeNews #AltRight should read this.<e2><80><a6> https://t.co/3GyX3XSABz",2017-11-17 19:50:42,"https://twitter.com/iwantedacervelo/status/931610567982436352",NA,NA,0,"#fakenews"
"@gimblemusk She works for the #FakeNews @BBC NETWORK, therefore to be expected....! Hey @bbclaurak ..? It must be l<e2><80><a6> https://t.co/PHHlNFN0yb",2017-11-17 19:50:35,"https://twitter.com/bernardmachado6/status/931610538790006785",NA,NA,0,"#fakenews"
"@PRESlDENTBANNON Flowchart!? There you go bringing up that golden shower again. #FAKENEWS!",2017-11-17 19:50:05,"https://twitter.com/TheMaleHarem/status/931610413065793536",NA,NA,0,"#fakenews"
"Trump Drinks Liberal Tears <ed><a0><bd><ed><b8><82> https://t.co/dXyg2fXXlP via @YouTube #FridayFeeling the <ed><a0><bd><ed><b8><82> after #President #Trump made<e2><80><a6> https://t.co/Yd6vCOB5ZH",2017-11-17 19:49:35,"https://twitter.com/mario_presario/status/931610286573973505",NA,NA,0,"#fakenews"
"Ever defiant, Republican Roy Moore's chief backers invoked the Bible in lashing out at the women accusing him of se<e2><80><a6> https://t.co/X50NRYLgo1",2017-11-17 19:49:20,"https://twitter.com/AlexWitzleben/status/931610223525154818",NA,NA,0,"#fakenews"
"@BrianKarem No, the real problem is #fakenews. Nice try though",2017-11-17 19:49:06,"https://twitter.com/cantrellr/status/931610164020387840",NA,NA,0,"#fakenews"
"#Hillary @HillaryClinton:  My wife told me 2tell u:""ShutUp"". ""U have used Gays, AfricanAmericans &amp; Hispanics 4perso<e2><80><a6> https://t.co/BzyXFWJ4L9",2017-11-17 19:48:43,"https://twitter.com/DandlMontgomery/status/931610067765428224",NA,NA,0,"#fakenews"
"He hasn't been silent either. He said the people of Alabama will decide Moore's fate. As they should. You want Trum<e2><80><a6> https://t.co/6r5B9x1w2b",2017-11-17 19:48:26,"https://twitter.com/marcdagnone/status/931609997577945088",NA,NA,0,"#fakenews"
"@daveweigel Wow. Really??
And then you guys get all offended when you're called #FakeNews?",2017-11-17 19:48:23,"https://twitter.com/Dirty_Diaz1965/status/931609983111892993",NA,NA,0,"#fakenews"
"Wow, Bob Fitzgerald throwing shade at @CalMBBall with unfounded claims of paying players. @KNBR #FakeNews",2017-11-17 19:48:08,"https://twitter.com/gillee/status/931609920255942656",NA,NA,0,"#fakenews"
"@greylox1 Trump voters aren<e2><80><99>t allergic to the truth and don<e2><80><99>t overdose on #Fakenews CNN California produced real wi<e2><80><a6> https://t.co/BCugJm1FCi",2017-11-17 19:48:05,"https://twitter.com/TrumpATeam1/status/931609909677916160",NA,NA,0,"#fakenews"
"@PoliticsReid Still awaiting a correction to this completely bogus representation of this data. Or are you pleased<e2><80><a6> https://t.co/mTklxF9RQW",2017-11-17 19:47:47,"https://twitter.com/sgoodl/status/931609831865311233",NA,NA,0,"#fakenews"
"@DavidKHarbour and @joe_keery aren't on the list for #sexiestmanalive - yet another reason you can't trust the medi<e2><80><a6> https://t.co/peAcR6G1Z5",2017-11-17 19:47:46,"https://twitter.com/Clare_CLE/status/931609830531502081",NA,NA,0,"#fakenews"
"@RitaPanahi @washingtonpost The washington compost is #FakeNews",2017-11-17 19:47:42,"https://twitter.com/FatBoyChopper/status/931609814597189632",NA,NA,0,"#fakenews"
"Remember The #15 Million Payout For Congress Sex Harassment Claims? #FAKENews! We Didn't Hear/Read the FULL Explana<e2><80><a6> https://t.co/F58XeA00FF",2017-11-17 19:47:32,"https://twitter.com/rightlyaligned/status/931609770619944961",NA,NA,0,"#fakenews"
"@PolandMFA @PLinMunich Instead of doing anything to prevent such situations, polish government calls it #FakeNews #FTW",2017-11-17 19:47:29,"https://twitter.com/this_version/status/931609759488315392",NA,NA,0,"#fakenews"
"New company will turn shrimp hulls into high-tech products: First one will be Red Lobster all-you-can-eat shrimp. #fakenews",2017-11-17 19:46:58,"https://twitter.com/johnbialas/status/931609627090997248",NA,NA,0,"#fakenews"
"@MichaelDavSmith Read the court documents dude. You don't deserve a blue check mark. #FakeNews",2017-11-17 19:46:32,"https://twitter.com/drewpeters/status/931609517850349572",NA,NA,0,"#fakenews"
"@ABC @UpInTheHills No shit, #FakeNews. It's all a smear job.",2017-11-17 19:46:28,"https://twitter.com/Kambeii/status/931609500678701057",NA,NA,0,"#fakenews"
"Frankenstein had PICTURE evidence!!! Moore is he said/she said at this point. Not even in the same ballpark.<e2><80><a6> https://t.co/wmey6NnQ82",2017-11-17 19:45:58,"https://twitter.com/marcdagnone/status/931609375965433857",NA,NA,0,"#fakenews"
"I think that people should shut up @realDonaldTrump #fakenews #fabriactinglies",2017-11-17 19:45:57,"https://twitter.com/julianr14407494/status/931609374199635968",NA,NA,1,"#fakenews"
"Reason #Republicans think normal media #msm is #fakenews is because they've watched #Conservative media smear &amp; lie<e2><80><a6> https://t.co/RUzTD66Gfw",2017-11-17 19:45:36,"https://twitter.com/thesparkignites/status/931609285401939968",NA,NA,0,"#fakenews"
"More #FakeNews The Claimed #Congressional #Harassment &amp; #Settlement Pay-Outs are False https://t.co/LhaknqpUo8 via @thelastrefuge2",2017-11-17 19:45:25,"https://twitter.com/DiscipleX1/status/931609239763767298",NA,NA,0,"#fakenews"
"I don't like allowing myself to be fooled by #FakeNews referencing the Buffalo News &amp; ESPN I thought the report was<e2><80><a6> https://t.co/zuiARxDhmF",2017-11-17 19:45:10,"https://twitter.com/Northerndrums/status/931609173577601026",NA,NA,0,"#fakenews"
"<e2><80><98>Fox &amp; Friends<e2><80><99> Host Brian Killmeade Doesn<e2><80><99>t Mince Words On Roy Moore: <e2><80><98>I Would Kick His Head In<e2><80><99><e2><80><a6> https://t.co/Bmp0NQLfyN",2017-11-17 19:45:10,"https://twitter.com/teespringstores/status/931609173305053185",NA,NA,0,"#fakenews"
"The White House Requests A Hurricane Relief Package That<e2><80><99>s Far Lower Than Officials Hoped To Receive<e2><80><a6> https://t.co/E3ZuLzH8cH",2017-11-17 19:45:08,"https://twitter.com/teespringstores/status/931609165700780038",NA,NA,0,"#fakenews"
"@FoxNews #FAKENEWS in action again - you are going to so eat shit! https://t.co/gih0NsXHSd",2017-11-17 19:44:49,"https://twitter.com/Drone1969/status/931609087812308992",NA,NA,1,"#fakenews"
"@GlenKnight6 @DrewD977ESPN #FakeNews. He does a great job of being unbiased on the air! FAU",2017-11-17 19:44:40,"https://twitter.com/TiptonTL/status/931609050244141057",NA,NA,0,"#fakenews"
"@thehill Christie was told by Bannon "" if you are one the plane tomorrow you are still on the team "" . Christie did<e2><80><a6> https://t.co/YtVxWQQKqc",2017-11-17 19:44:34,"https://twitter.com/freethought777/status/931609023295524864",NA,NA,0,"#fakenews"
"While all the news is about #AlFranken, over at laughable #FactsFirst @cnn not a word. Just pix of Trump and Kushner. #FakeNews",2017-11-17 19:43:57,"https://twitter.com/johnc286/status/931608866999107584",NA,NA,0,"#fakenews"
"American #fakenews is becoming embarrassing https://t.co/wtrhriPnYC",2017-11-17 19:43:46,"https://twitter.com/AmChykUSA/status/931608823831453696",NA,NA,0,"#fakenews"
"And, new bill will give low income wage earners a tax break on their next jet purchase #FakeNews https://t.co/AZQtwwyXrL",2017-11-17 19:43:08,"https://twitter.com/pasdirtz/status/931608665160687616",NA,NA,0,"#fakenews"
"@FoxNews Unfollowing you, until you apologize to @SethAbramson [check link below]

#FakeNews #FoxNews

https://t.co/y0ZuihDgeZ",2017-11-17 19:43:05,"https://twitter.com/SalmanShuaib1/status/931608650828824576",NA,NA,0,"#fakenews"
"CNN IS #FAKENEWS #CNNBLACKMAIL #CNNFAKNEWS",2017-11-17 19:42:18,"https://twitter.com/professorshitpo/status/931608451951689728",NA,NA,0,"#fakenews"
"@jsbsjsbsjsb @MichaelCohen212 @Thedemocrats Scandal Meltdown: Ohio Gov Confesses Bedding 50 Women! Will This Strate<e2><80><a6> https://t.co/ZIDx2UsjII",2017-11-17 19:42:12,"https://twitter.com/MediaShrink/status/931608429344579585",NA,NA,0,"#fakenews"
"If Aidan Freedman doesn<e2><80><99>t win, this election is #FakeNews.
#FakeNewsMedia #kclstrictly2017",2017-11-17 19:41:53,"https://twitter.com/Davidlin02/status/931608350424526850",NA,NA,0,"#fakenews"
"@realDonaldTrump We understand your lies and why we won<e2><80><99>t have lower taxes. Stop lying. #fraud #fakepresident #fakenews @realDonaldTrump",2017-11-17 19:41:53,"https://twitter.com/Sarahacha/status/931608347647803398",NA,NA,0,"#fakenews"
"Where oh where is the #Fakenews #MSM @CNN @nytimes @washingtonpost in their coveage of the #Madgroper @JoeBiden<e2><80><a6> https://t.co/EnkRjKKF3w",2017-11-17 19:41:49,"https://twitter.com/nelsoncit1993/status/931608332988813312",NA,NA,0,"#fakenews"
"NEW EDITION TODAY!
https://t.co/G1PxELzED9
#Satire #auspol #mediachat #FakeNews #KevinAndrews #CakeGate",2017-11-17 19:41:38,"https://twitter.com/RealTimFerguson/status/931608286989651968",NA,NA,6,"#fakenews"
"If someone would have bashed Obama as much as @nowthisnews bashes @realDonaldTrump all hell would have broken loose. #FakeNews",2017-11-17 19:41:21,"https://twitter.com/strilz3/status/931608216512942080",NA,NA,1,"#fakenews"
"@danbenjamin #fakenews? Maybe once it<e2><80><99>s on Fox News you<e2><80><99>ll believe...",2017-11-17 19:41:17,"https://twitter.com/meonlylouder/status/931608196623556609",NA,NA,0,"#fakenews"
"@Newsweek might have just decrowned @CNN @CNNnewsroom for largest disseminator of #FakeNews

#ShareTheLove<e2><80><a6> https://t.co/cc5gYdKpnC",2017-11-17 19:41:06,"https://twitter.com/USAComeback22/status/931608153569005568",NA,NA,0,"#fakenews"
"Woah. Read this thread. How to track data in photos (altered and original) to really detect #fakenews @PuestoLoco<e2><80><a6> https://t.co/DfEEOGcIdg",2017-11-17 19:41:02,"https://twitter.com/mwoodpen/status/931608136607289344",NA,NA,13,"#fakenews"
"@judgeroymooreAL #witchhunt  by @TheDemocrats is just more proof of their dirty lying smear campaigns without credi<e2><80><a6> https://t.co/F2W1NkbDxe",2017-11-17 19:39:55,"https://twitter.com/KitschyKoos/status/931607853269479426",NA,NA,0,"#fakenews"
"@CNN @amandacarpenter #FakeNews #propaganda #ImpeachTrump 
#GOP masoginest and #fakeamerican #taxevader #Trump have<e2><80><a6> https://t.co/mYur9jTCWW",2017-11-17 19:39:45,"https://twitter.com/society_anon/status/931607810491731969",NA,NA,0,"#fakenews"
"As long as Trump &amp; cronies undermine the integrity of news orgs with #FakeNews, none of this matters. Sad! https://t.co/NtHyPbmAPF",2017-11-17 19:38:45,"https://twitter.com/sjmessina/status/931607560221876226",NA,NA,1,"#fakenews"
"@kaitlancollins Was there a conf call where all #fakenews decided on this pathetic angle?  Try and stay with me her<e2><80><a6> https://t.co/pflWIyy1KX",2017-11-17 19:38:26,"https://twitter.com/SpeedyFastMario/status/931607480253190146",NA,NA,0,"#fakenews"
"@pussyrrriot comparing @realDonaldTrump to Putin.. considering u were put in prison for criticizing Putin &amp; are sti<e2><80><a6> https://t.co/j478nKBngi",2017-11-17 19:37:46,"https://twitter.com/grind_embrace/status/931607311704997888",NA,NA,0,"#fakenews"
"@GoAngelo @RedRoadRail @mmfa .@SeanHannity is quite possibly the worst human being on this planet. He knowingly pas<e2><80><a6> https://t.co/sOKb0LaZ82",2017-11-17 19:37:18,"https://twitter.com/Right_All_Wrong/status/931607194004574208",NA,NA,0,"#fakenews"
"@ClimbThePocket @360FFB Did he see what brown did last night?! #fakenews #youarebadatyourjob",2017-11-17 19:37:10,"https://twitter.com/Ben_Schmitke/status/931607163385950208",NA,NA,0,"#fakenews"
"@pennyone @theresa_may All supposition. @DavidDavisMP said that money in pound notes hasn<e2><80><99>t even been discussed yet<e2><80><a6> https://t.co/Bk4l0b4vHI",2017-11-17 19:36:58,"https://twitter.com/positive4uk/status/931607110315577344",NA,NA,0,"#fakenews"
"The internet says that Tess Daly is going to be 50 years old in, like, a year and a bit. THIS IS CLEARLY UNTRUE.<e2><80><a6> https://t.co/EvhhDABjmy",2017-11-17 19:36:43,"https://twitter.com/leonosullivan/status/931607046893527040",NA,NA,0,"#fakenews"
"It's about time!  #MediaEquityInc  #MAGA  #FakeNews https://t.co/6fzaUzLvf4",2017-11-17 19:36:38,"https://twitter.com/MediaEquityInc/status/931607028165959680",NA,NA,0,"#fakenews"
"@geigecounter @laflamchop But WAIT isn't alt right a term created by the FAKE MEDIA??? #FakeNews !!!<e2><80><a6> https://t.co/WWVG4qpxVq",2017-11-17 19:36:22,"https://twitter.com/jess1lauren/status/931606959257739265",NA,NA,0,"#fakenews"
"@President1Trump @Luke4Tech Smart women. Something the left hates is people that can think for themselves &amp; questio<e2><80><a6> https://t.co/olwy1rK5hs",2017-11-17 19:36:06,"https://twitter.com/InsomniacPsych0/status/931606892618465280",NA,NA,0,"#fakenews"
"I<e2><80><99>m pretty sure November 7th, 2017 wasn<e2><80><99>t just a dream. To quote the immoral words of @realDonaldTrump...<e2><80><9d>#fakenews<e2><80><a6> https://t.co/JelP4QnN8i",2017-11-17 19:36:05,"https://twitter.com/GMWhitehair/status/931606888512356353",NA,NA,0,"#fakenews"
"@mmfa @SRuhle #FakeNews, always has been and always will be",2017-11-17 19:36:00,"https://twitter.com/SandblastedSoul/status/931606869692608512",NA,NA,0,"#fakenews"
"@SamSykesSwears Yeah, no. This is Sandslash and you know it. #FakeNews",2017-11-17 19:35:57,"https://twitter.com/DemonSymbiote/status/931606856967118849",NA,NA,0,"#fakenews"
"There<e2><80><99>s Never Been A More Important Time To Visit California Wine Country https://t.co/MfsgO8R1C8 #News #sport<e2><80><a6> https://t.co/SC2pW7VrxS",2017-11-17 19:35:20,"https://twitter.com/teespringstores/status/931606702369239040",NA,NA,0,"#fakenews"
"@mmfa @SRuhle MSNBC IS #FakeNews",2017-11-17 19:35:17,"https://twitter.com/SandblastedSoul/status/931606686372192256",NA,NA,0,"#fakenews"
"Beating Depression And Other Things I Haven<e2><80><99>t Done https://t.co/Swm58sIsGW #News #sport #realmadrid #goals<e2><80><a6> https://t.co/IaCvCQOc3E",2017-11-17 19:35:14,"https://twitter.com/teespringstores/status/931606676519772160",NA,NA,0,"#fakenews"
"@mf36 @realDonaldTrump I'm positive you're trolling the president with #FakeNews.

#instablock https://t.co/nCE92nepWG",2017-11-17 19:35:13,"https://twitter.com/BlessThe_US/status/931606670987481088",NA,NA,0,"#fakenews"
"#FakeNews @CNN Altered Signature on Yearbook of Woman Accusing Judge Roy Moore of Sexual Misconduct to Make It Look<e2><80><a6> https://t.co/AvyNlBr96M",2017-11-17 19:35:02,"https://twitter.com/AdrianaStuijt/status/931606627106553858",NA,NA,1,"#fakenews"
"Play it again Sam! same song different year. What happened in 2016? #MAGA  #FakeNews https://t.co/olURayJsWj",2017-11-17 19:34:56,"https://twitter.com/lbell45b/status/931606601777254400",NA,NA,0,"#fakenews"
"@dmartosko I'm sure the mentally ill left will flock to vote for him. The claim of 50 women is clearly #FakeNews",2017-11-17 19:34:05,"https://twitter.com/InsomniacPsych0/status/931606387905347584",NA,NA,1,"#fakenews"
"@RT_America is #FakeNews but this is what I see while standing in line at the supermarket checkout counter. https://t.co/KRysb2CuTX",2017-11-17 19:33:56,"https://twitter.com/leftiblog/status/931606349506420736",NA,NA,0,"#fakenews"
"Inspector blasts @SouthCambs for stating falsely in recent press release that she had raised no fundamental concern<e2><80><a6> https://t.co/VmLhzmYxCu",2017-11-17 19:33:48,"https://twitter.com/CouncillorTumi/status/931606315507552257",NA,NA,3,"#fakenews"
"@AsecMargauxUson #FakeNews that you peddle. Well, that's where you're good at, even your own account; banking on th<e2><80><a6> https://t.co/ibIeEnm0Fi",2017-11-17 19:33:26,"https://twitter.com/morsiko/status/931606222066864128",NA,NA,0,"#fakenews"
"Hey #FakeNews  it is #NationalTakeAHikeDay. Can you take a hint...",2017-11-17 19:33:20,"https://twitter.com/Smart4Trump/status/931606196808806400",NA,NA,0,"#fakenews"
"Almost sounds like they're doing their job-  seems like a lot of effort if the WaPo was going to say whatever<e2><80><a6> https://t.co/3Oj8dTTywS",2017-11-17 19:33:08,"https://twitter.com/thearrozblanco/status/931606148146397184",NA,NA,0,"#fakenews"
"#FakeNews - NOT ... This is the stuff of Banana Republics led by Banana Republicans ...  https://t.co/oaYTct6JZH",2017-11-17 19:32:03,"https://twitter.com/MarinaGipps/status/931605874367483905",NA,NA,0,"#fakenews"
"MEDIA SHOOT DOWN HILLARY INVESTIGATION https://t.co/M3B5Gmh9xX #tcot #FakeNews",2017-11-17 19:31:45,"https://twitter.com/SweetFreedom29/status/931605799205572608",NA,NA,0,"#fakenews"
"@MooreSenate LMAO, MSNBC doesn't want anything to do with Allred's hoax.

It would give everyone a reason to call t<e2><80><a6> https://t.co/YEE7NFIvCw",2017-11-17 19:31:40,"https://twitter.com/LockHerUp_/status/931605779840352256",NA,NA,0,"#fakenews"
"@ABC Bull crap. #fakenews",2017-11-17 19:31:31,"https://twitter.com/dsbrand11/status/931605739579367424",NA,NA,0,"#fakenews"
"FOXNEWS Deflects current events like uproar over the proposed tax bill and other GOP policies to talk about the his<e2><80><a6> https://t.co/gUSyEmJsMI",2017-11-17 19:31:12,"https://twitter.com/azsouth6/status/931605659786899456",NA,NA,0,"#fakenews"
"#FakeNewsCNN headline ""#GeorgeHWBush groped woman in 1992"".  How about #BillClinton #RAPED #JuanitaBroaddrick in 19<e2><80><a6> https://t.co/Fm2MWaAIiQ",2017-11-17 19:31:05,"https://twitter.com/CharlyTheBeagle/status/931605630036701184",NA,NA,0,"#fakenews"
"@QuantumCitizen @inthenow17 @SpectorFaustus @RobinGr1655 @Dj_Calculus @DRNAuthor @brithume You can tell yourself an<e2><80><a6> https://t.co/OtjFgcdlUX",2017-11-17 19:30:56,"https://twitter.com/WordUp1776/status/931605591667064832",NA,NA,0,"#fakenews"
"This Coffee-Pouring Brain Teaser Is Confusing Everyone, But Can You Solve It? https://t.co/Mi8xIjGKWf #News #sport<e2><80><a6> https://t.co/67ClXdyxnC",2017-11-17 19:30:56,"https://twitter.com/teespringstores/status/931605591562358784",NA,NA,0,"#fakenews"
"Navy Apologizes For Sky Writing Dick Drawing in Sky https://t.co/dwhOxDDfXu #News #sport #realmadrid #goals<e2><80><a6> https://t.co/aVYunyJZbS",2017-11-17 19:30:54,"https://twitter.com/teespringstores/status/931605584889212928",NA,NA,0,"#fakenews"
"@PoliticsReid #FakeNews: Most of settlements stem from outside the legislative branch: <e2><80><a2>Overtime pay disputes
<e2><80><a2>FMLA<e2><80><a6> https://t.co/Th1n8uAUg8",2017-11-17 19:29:31,"https://twitter.com/ClarefiedGraphX/status/931605237743304705",NA,NA,0,"#fakenews"
"@GrahamHHolmes @GoodwinMJ I'd say obviously it doesn't need any further looking into because there's no evidence to<e2><80><a6> https://t.co/Ao07Q33a6o",2017-11-17 19:29:29,"https://twitter.com/wakingthemonkey/status/931605227635175425",NA,NA,0,"#fakenews"
"#FakeNews straight from the pen of Dickens #PuttingTheToryBackintoTallstory 
#TheresaMayIsntWorking https://t.co/dC992VNBLV",2017-11-17 19:29:26,"https://twitter.com/Staircase2/status/931605214708355078",NA,NA,0,"#fakenews"
"@BMeiselas @FoxNews Alabama is with Moore reducing your #Fakenews intake will help you become smarter",2017-11-17 19:28:51,"https://twitter.com/TrumpATeam1/status/931605069971247104",NA,NA,0,"#fakenews"
"@benshapiro @stevekovach It was great. Don<e2><80><99>t believe the #FakeNews Rotten Tomatoes",2017-11-17 19:28:47,"https://twitter.com/nikolas_francis/status/931605051226951680",NA,NA,0,"#fakenews"
"@CNN YOU ARE THE WORST EVER. I'M SO GLAD EVERYONE CAN SEE YOUR BULLSHIT IN PLAIN SIGHT, HOUR AFTER HOUR. THE HYPOCR<e2><80><a6> https://t.co/RLgbYbfNEq",2017-11-17 19:28:38,"https://twitter.com/devinemedic/status/931605014115684352",NA,NA,0,"#fakenews"
